Andalucía,2020-01-31,0,0,0,0,0
Aragón,2020-01-31,0,0,0,0,0
Baleares,2020-01-31,0,0,0,0,0
Canarias,2020-01-31,0,0,0,0,0
Cantabria,2020-01-31,0,0,0,0,0
Castilla La Mancha,2020-01-31,0,0,0,0,0
Castilla y León,2020-01-31,0,0,0,0,0
Ceuta,2020-01-31,0,0,0,0,0
Extremadura,2020-01-31,0,0,0,0,0
Galicia,2020-01-31,0,0,0,0,0
La Rioja,2020-01-31,0,0,0,0,0
Melilla,2020-01-31,0,0,0,0,0
Murcia,2020-01-31,0,0,0,0,0
Navarra,2020-01-31,0,0,0,0,0
País Vasco,2020-01-31,0,0,0,0,0
España,2020-01-31,10,9,1,0,0
Asturias,2020-01-31,1,1,0,0,0
Cataluña,2020-01-31,1,1,0,0,0
C. Valenciana,2020-01-31,4,3,1,0,0
Madrid,2020-01-31,4,4,0,0,0
Aragón,2020-02-01,0,0,0,0,0
Asturias,2020-02-01,0,0,0,0,0
Baleares,2020-02-01,0,0,0,0,0
Canarias,2020-02-01,0,0,0,0,0
Cantabria,2020-02-01,0,0,0,0,0
Castilla La Mancha,2020-02-01,0,0,0,0,0
Castilla y León,2020-02-01,0,0,0,0,0
Ceuta,2020-02-01,0,0,0,0,0
Extremadura,2020-02-01,0,0,0,0,0
La Rioja,2020-02-01,0,0,0,0,0
Melilla,2020-02-01,0,0,0,0,0
Murcia,2020-02-01,0,0,0,0,0
Navarra,2020-02-01,0,0,0,0,0
País Vasco,2020-02-01,0,0,0,0,0
C. Valenciana,2020-02-01,1,1,0,0,0
Galicia,2020-02-01,1,1,0,0,0
España,2020-02-01,21,19,0,0,2
Andalucía,2020-02-01,2,2,0,0,0
Cataluña,2020-02-01,8,6,0,0,2
Madrid,2020-02-01,9,9,0,0,0
Aragón,2020-02-02,0,0,0,0,0
Asturias,2020-02-02,0,0,0,0,0
Baleares,2020-02-02,0,0,0,0,0
Cantabria,2020-02-02,0,0,0,0,0
Castilla La Mancha,2020-02-02,0,0,0,0,0
Castilla y León,2020-02-02,0,0,0,0,0
Ceuta,2020-02-02,0,0,0,0,0
C. Valenciana,2020-02-02,0,0,0,0,0
La Rioja,2020-02-02,0,0,0,0,0
Melilla,2020-02-02,0,0,0,0,0
Murcia,2020-02-02,0,0,0,0,0
Navarra,2020-02-02,0,0,0,0,0
País Vasco,2020-02-02,0,0,0,0,0
Canarias,2020-02-02,1,0,0,0,1
Galicia,2020-02-02,1,1,0,0,0
España,2020-02-02,14,9,3,0,2
Extremadura,2020-02-02,2,0,2,0,0
Cataluña,2020-02-02,2,1,0,0,1
Andalucía,2020-02-02,2,1,1,0,0
Madrid,2020-02-02,6,6,0,0,0
Aragón,2020-02-03,0,0,0,0,0
Asturias,2020-02-03,0,0,0,0,0
Baleares,2020-02-03,0,0,0,0,0
Canarias,2020-02-03,0,0,0,0,0
Cantabria,2020-02-03,0,0,0,0,0
Castilla La Mancha,2020-02-03,0,0,0,0,0
Ceuta,2020-02-03,0,0,0,0,0
Extremadura,2020-02-03,0,0,0,0,0
Melilla,2020-02-03,0,0,0,0,0
Murcia,2020-02-03,0,0,0,0,0
Navarra,2020-02-03,0,0,0,0,0
País Vasco,2020-02-03,0,0,0,0,0
Castilla y León,2020-02-03,1,0,1,0,0
Andalucía,2020-02-03,1,1,0,0,0
Galicia,2020-02-03,1,1,0,0,0
La Rioja,2020-02-03,1,1,0,0,0
España,2020-02-03,19,13,4,0,2
Cataluña,2020-02-03,3,2,0,0,1
C. Valenciana,2020-02-03,5,1,3,0,1
Madrid,2020-02-03,7,7,0,0,0
Aragón,2020-02-04,0,0,0,0,0
Asturias,2020-02-04,0,0,0,0,0
Baleares,2020-02-04,0,0,0,0,0
Cantabria,2020-02-04,0,0,0,0,0
Castilla La Mancha,2020-02-04,0,0,0,0,0
Ceuta,2020-02-04,0,0,0,0,0
Extremadura,2020-02-04,0,0,0,0,0
La Rioja,2020-02-04,0,0,0,0,0
Melilla,2020-02-04,0,0,0,0,0
Murcia,2020-02-04,0,0,0,0,0
País Vasco,2020-02-04,0,0,0,0,0
Andalucía,2020-02-04,1,0,1,0,0
C. Valenciana,2020-02-04,1,0,1,0,0
Galicia,2020-02-04,1,0,1,0,0
Navarra,2020-02-04,1,0,1,0,0
Canarias,2020-02-04,1,1,0,0,0
Castilla y León,2020-02-04,1,1,0,0,0
España,2020-02-04,13,9,4,0,0
Madrid,2020-02-04,3,3,0,0,0
Cataluña,2020-02-04,4,4,0,0,0
Aragón,2020-02-05,0,0,0,0,0
Asturias,2020-02-05,0,0,0,0,0
Baleares,2020-02-05,0,0,0,0,0
Canarias,2020-02-05,0,0,0,0,0
Cantabria,2020-02-05,0,0,0,0,0
Castilla La Mancha,2020-02-05,0,0,0,0,0
Extremadura,2020-02-05,0,0,0,0,0
La Rioja,2020-02-05,0,0,0,0,0
Melilla,2020-02-05,0,0,0,0,0
Navarra,2020-02-05,0,0,0,0,0
País Vasco,2020-02-05,0,0,0,0,0
Galicia,2020-02-05,1,0,0,0,1
Andalucía,2020-02-05,1,0,1,0,0
Ceuta,2020-02-05,1,0,1,0,0
Castilla y León,2020-02-05,1,1,0,0,0
España,2020-02-05,15,7,7,0,1
Murcia,2020-02-05,2,0,2,0,0
Cataluña,2020-02-05,2,2,0,0,0
C. Valenciana,2020-02-05,3,0,3,0,0
Madrid,2020-02-05,4,4,0,0,0
Asturias,2020-02-06,0,0,0,0,0
Baleares,2020-02-06,0,0,0,0,0
Canarias,2020-02-06,0,0,0,0,0
Cantabria,2020-02-06,0,0,0,0,0
Castilla La Mancha,2020-02-06,0,0,0,0,0
Castilla y León,2020-02-06,0,0,0,0,0
Ceuta,2020-02-06,0,0,0,0,0
Extremadura,2020-02-06,0,0,0,0,0
Galicia,2020-02-06,0,0,0,0,0
La Rioja,2020-02-06,0,0,0,0,0
Melilla,2020-02-06,0,0,0,0,0
Murcia,2020-02-06,0,0,0,0,0
Navarra,2020-02-06,0,0,0,0,0
País Vasco,2020-02-06,0,0,0,0,0
España,2020-02-06,10,9,1,0,0
Aragón,2020-02-06,1,1,0,0,0
Cataluña,2020-02-06,1,1,0,0,0
Andalucía,2020-02-06,2,1,1,0,0
C. Valenciana,2020-02-06,2,2,0,0,0
Madrid,2020-02-06,4,4,0,0,0
Aragón,2020-02-07,0,0,0,0,0
Asturias,2020-02-07,0,0,0,0,0
Baleares,2020-02-07,0,0,0,0,0
Canarias,2020-02-07,0,0,0,0,0
Cantabria,2020-02-07,0,0,0,0,0
Castilla La Mancha,2020-02-07,0,0,0,0,0
Ceuta,2020-02-07,0,0,0,0,0
Extremadura,2020-02-07,0,0,0,0,0
Galicia,2020-02-07,0,0,0,0,0
La Rioja,2020-02-07,0,0,0,0,0
Melilla,2020-02-07,0,0,0,0,0
Murcia,2020-02-07,0,0,0,0,0
Navarra,2020-02-07,0,0,0,0,0
País Vasco,2020-02-07,0,0,0,0,0
C. Valenciana,2020-02-07,1,0,1,0,0
Castilla y León,2020-02-07,1,1,0,0,0
España,2020-02-07,16,14,1,0,1
Andalucía,2020-02-07,2,2,0,0,0
Cataluña,2020-02-07,3,2,0,0,1
Madrid,2020-02-07,9,9,0,0,0
Andalucía,2020-02-08,0,0,0,0,0
Aragón,2020-02-08,0,0,0,0,0
Asturias,2020-02-08,0,0,0,0,0
Baleares,2020-02-08,0,0,0,0,0
Canarias,2020-02-08,0,0,0,0,0
Cantabria,2020-02-08,0,0,0,0,0
Castilla La Mancha,2020-02-08,0,0,0,0,0
Castilla y León,2020-02-08,0,0,0,0,0
Cataluña,2020-02-08,0,0,0,0,0
Ceuta,2020-02-08,0,0,0,0,0
C. Valenciana,2020-02-08,0,0,0,0,0
Galicia,2020-02-08,0,0,0,0,0
La Rioja,2020-02-08,0,0,0,0,0
Melilla,2020-02-08,0,0,0,0,0
Murcia,2020-02-08,0,0,0,0,0
Navarra,2020-02-08,0,0,0,0,0
País Vasco,2020-02-08,0,0,0,0,0
Extremadura,2020-02-08,1,1,0,0,0
Madrid,2020-02-08,8,8,0,0,0
España,2020-02-08,9,9,0,0,0
Aragón,2020-02-09,0,0,0,0,0
Asturias,2020-02-09,0,0,0,0,0
Baleares,2020-02-09,0,0,0,0,0
Canarias,2020-02-09,0,0,0,0,0
Cantabria,2020-02-09,0,0,0,0,0
Castilla La Mancha,2020-02-09,0,0,0,0,0
Castilla y León,2020-02-09,0,0,0,0,0
Ceuta,2020-02-09,0,0,0,0,0
C. Valenciana,2020-02-09,0,0,0,0,0
Extremadura,2020-02-09,0,0,0,0,0
Galicia,2020-02-09,0,0,0,0,0
La Rioja,2020-02-09,0,0,0,0,0
Melilla,2020-02-09,0,0,0,0,0
Murcia,2020-02-09,0,0,0,0,0
Navarra,2020-02-09,0,0,0,0,0
Cataluña,2020-02-09,1,0,0,0,1
País Vasco,2020-02-09,1,0,0,0,1
Andalucía,2020-02-09,1,0,1,0,0
Madrid,2020-02-09,2,2,0,0,0
España,2020-02-09,5,2,1,0,2
Aragón,2020-02-10,0,0,0,0,0
Asturias,2020-02-10,0,0,0,0,0
Canarias,2020-02-10,0,0,0,0,0
Cantabria,2020-02-10,0,0,0,0,0
Castilla La Mancha,2020-02-10,0,0,0,0,0
Ceuta,2020-02-10,0,0,0,0,0
Extremadura,2020-02-10,0,0,0,0,0
Galicia,2020-02-10,0,0,0,0,0
La Rioja,2020-02-10,0,0,0,0,0
Melilla,2020-02-10,0,0,0,0,0
País Vasco,2020-02-10,0,0,0,0,0
Castilla y León,2020-02-10,1,0,1,0,0
Murcia,2020-02-10,1,0,1,0,0
Andalucía,2020-02-10,1,1,0,0,0
Navarra,2020-02-10,1,1,0,0,0
Madrid,2020-02-10,11,11,0,0,0
Baleares,2020-02-10,2,2,0,0,0
España,2020-02-10,24,19,5,0,0
Cataluña,2020-02-10,3,3,0,0,0
C. Valenciana,2020-02-10,4,1,3,0,0
Asturias,2020-02-11,0,0,0,0,0
Baleares,2020-02-11,0,0,0,0,0
Canarias,2020-02-11,0,0,0,0,0
Cantabria,2020-02-11,0,0,0,0,0
Castilla La Mancha,2020-02-11,0,0,0,0,0
Ceuta,2020-02-11,0,0,0,0,0
Extremadura,2020-02-11,0,0,0,0,0
Galicia,2020-02-11,0,0,0,0,0
La Rioja,2020-02-11,0,0,0,0,0
Melilla,2020-02-11,0,0,0,0,0
Murcia,2020-02-11,0,0,0,0,0
Navarra,2020-02-11,0,0,0,0,0
País Vasco,2020-02-11,0,0,0,0,0
Andalucía,2020-02-11,1,0,1,0,0
Aragón,2020-02-11,1,1,0,0,0
Castilla y León,2020-02-11,1,1,0,0,0
C. Valenciana,2020-02-11,1,1,0,0,0
España,2020-02-11,16,14,1,0,1
Cataluña,2020-02-11,3,2,0,0,1
Madrid,2020-02-11,9,9,0,0,0
Aragón,2020-02-12,0,0,0,0,0
Asturias,2020-02-12,0,0,0,0,0
Baleares,2020-02-12,0,0,0,0,0
Cantabria,2020-02-12,0,0,0,0,0
Castilla La Mancha,2020-02-12,0,0,0,0,0
Ceuta,2020-02-12,0,0,0,0,0
Extremadura,2020-02-12,0,0,0,0,0
Galicia,2020-02-12,0,0,0,0,0
La Rioja,2020-02-12,0,0,0,0,0
Melilla,2020-02-12,0,0,0,0,0
Murcia,2020-02-12,0,0,0,0,0
Navarra,2020-02-12,0,0,0,0,0
Madrid,2020-02-12,10,10,0,0,0
Andalucía,2020-02-12,1,1,0,0,0
Canarias,2020-02-12,1,1,0,0,0
C. Valenciana,2020-02-12,1,1,0,0,0
Castilla y León,2020-02-12,2,2,0,0,0
País Vasco,2020-02-12,2,2,0,0,0
España,2020-02-12,24,23,0,0,1
Cataluña,2020-02-12,7,6,0,0,1
Asturias,2020-02-13,0,0,0,0,0
Baleares,2020-02-13,0,0,0,0,0
Canarias,2020-02-13,0,0,0,0,0
Cantabria,2020-02-13,0,0,0,0,0
Castilla La Mancha,2020-02-13,0,0,0,0,0
Galicia,2020-02-13,0,0,0,0,0
La Rioja,2020-02-13,0,0,0,0,0
Melilla,2020-02-13,0,0,0,0,0
Murcia,2020-02-13,0,0,0,0,0
Navarra,2020-02-13,0,0,0,0,0
País Vasco,2020-02-13,0,0,0,0,0
Ceuta,2020-02-13,1,0,1,0,0
Extremadura,2020-02-13,1,0,1,0,0
Aragón,2020-02-13,1,1,0,0,0
Madrid,2020-02-13,15,15,0,0,0
Andalucía,2020-02-13,2,1,1,0,0
C. Valenciana,2020-02-13,2,1,1,0,0
Castilla y León,2020-02-13,3,0,3,0,0
España,2020-02-13,34,25,7,0,2
Cataluña,2020-02-13,9,7,0,0,2
Aragón,2020-02-14,0,0,0,0,0
Asturias,2020-02-14,0,0,0,0,0
Cantabria,2020-02-14,0,0,0,0,0
Castilla La Mancha,2020-02-14,0,0,0,0,0
Ceuta,2020-02-14,0,0,0,0,0
Galicia,2020-02-14,0,0,0,0,0
La Rioja,2020-02-14,0,0,0,0,0
Melilla,2020-02-14,0,0,0,0,0
Navarra,2020-02-14,0,0,0,0,0
País Vasco,2020-02-14,0,0,0,0,0
Murcia,2020-02-14,1,0,1,0,0
Andalucía,2020-02-14,1,1,0,0,0
Baleares,2020-02-14,1,1,0,0,0
Canarias,2020-02-14,1,1,0,0,0
Castilla y León,2020-02-14,1,1,0,0,0
Cataluña,2020-02-14,1,1,0,0,0
Extremadura,2020-02-14,1,1,0,0,0
Madrid,2020-02-14,11,11,0,0,0
España,2020-02-14,20,19,1,0,0
C. Valenciana,2020-02-14,2,2,0,0,0
Aragón,2020-02-15,0,0,0,0,0
Asturias,2020-02-15,0,0,0,0,0
Baleares,2020-02-15,0,0,0,0,0
Canarias,2020-02-15,0,0,0,0,0
Cantabria,2020-02-15,0,0,0,0,0
Castilla La Mancha,2020-02-15,0,0,0,0,0
Castilla y León,2020-02-15,0,0,0,0,0
Ceuta,2020-02-15,0,0,0,0,0
Galicia,2020-02-15,0,0,0,0,0
La Rioja,2020-02-15,0,0,0,0,0
Melilla,2020-02-15,0,0,0,0,0
Murcia,2020-02-15,0,0,0,0,0
Navarra,2020-02-15,0,0,0,0,0
Cataluña,2020-02-15,10,10,0,0,0
Madrid,2020-02-15,13,13,0,0,0
Extremadura,2020-02-15,2,1,1,0,0
País Vasco,2020-02-15,3,3,0,0,0
España,2020-02-15,36,32,4,0,0
Andalucía,2020-02-15,4,1,3,0,0
C. Valenciana,2020-02-15,4,4,0,0,0
Andalucía,2020-02-16,0,0,0,0,0
Asturias,2020-02-16,0,0,0,0,0
Baleares,2020-02-16,0,0,0,0,0
Cantabria,2020-02-16,0,0,0,0,0
Castilla La Mancha,2020-02-16,0,0,0,0,0
Castilla y León,2020-02-16,0,0,0,0,0
Ceuta,2020-02-16,0,0,0,0,0
Extremadura,2020-02-16,0,0,0,0,0
La Rioja,2020-02-16,0,0,0,0,0
Melilla,2020-02-16,0,0,0,0,0
Murcia,2020-02-16,0,0,0,0,0
Navarra,2020-02-16,0,0,0,0,0
Aragón,2020-02-16,1,1,0,0,0
C. Valenciana,2020-02-16,1,1,0,0,0
Galicia,2020-02-16,1,1,0,0,0
País Vasco,2020-02-16,1,1,0,0,0
Madrid,2020-02-16,15,15,0,0,0
Canarias,2020-02-16,2,2,0,0,0
España,2020-02-16,27,26,0,0,1
Cataluña,2020-02-16,6,5,0,0,1
Asturias,2020-02-17,0,0,0,0,0
Baleares,2020-02-17,0,0,0,0,0
Canarias,2020-02-17,0,0,0,0,0
Cantabria,2020-02-17,0,0,0,0,0
Castilla La Mancha,2020-02-17,0,0,0,0,0
Castilla y León,2020-02-17,0,0,0,0,0
Ceuta,2020-02-17,0,0,0,0,0
Galicia,2020-02-17,0,0,0,0,0
La Rioja,2020-02-17,0,0,0,0,0
Melilla,2020-02-17,0,0,0,0,0
Navarra,2020-02-17,0,0,0,0,0
Extremadura,2020-02-17,1,0,1,0,0
Madrid,2020-02-17,19,19,0,0,0
Andalucía,2020-02-17,2,0,2,0,0
Aragón,2020-02-17,2,1,0,0,1
Cataluña,2020-02-17,2,1,0,0,1
País Vasco,2020-02-17,2,2,0,0,0
Murcia,2020-02-17,3,0,3,0,0
España,2020-02-17,37,26,9,0,2
C. Valenciana,2020-02-17,6,3,3,0,0
Asturias,2020-02-18,0,0,0,0,0
Baleares,2020-02-18,0,0,0,0,0
Cantabria,2020-02-18,0,0,0,0,0
Castilla La Mancha,2020-02-18,0,0,0,0,0
Ceuta,2020-02-18,0,0,0,0,0
Extremadura,2020-02-18,0,0,0,0,0
La Rioja,2020-02-18,0,0,0,0,0
Melilla,2020-02-18,0,0,0,0,0
Navarra,2020-02-18,0,0,0,0,0
País Vasco,2020-02-18,0,0,0,0,0
Murcia,2020-02-18,1,0,1,0,0
Aragón,2020-02-18,1,1,0,0,0
Canarias,2020-02-18,1,1,0,0,0
Castilla y León,2020-02-18,1,1,0,0,0
Galicia,2020-02-18,1,1,0,0,0
Madrid,2020-02-18,14,14,0,0,0
C. Valenciana,2020-02-18,2,1,1,0,0
España,2020-02-18,28,26,2,0,0
Andalucía,2020-02-18,3,3,0,0,0
Cataluña,2020-02-18,4,4,0,0,0
Aragón,2020-02-19,0,0,0,0,0
Asturias,2020-02-19,0,0,0,0,0
Baleares,2020-02-19,0,0,0,0,0
Cantabria,2020-02-19,0,0,0,0,0
Castilla La Mancha,2020-02-19,0,0,0,0,0
Ceuta,2020-02-19,0,0,0,0,0
La Rioja,2020-02-19,0,0,0,0,0
Melilla,2020-02-19,0,0,0,0,0
Navarra,2020-02-19,0,0,0,0,0
Galicia,2020-02-19,1,0,0,0,1
Andalucía,2020-02-19,1,0,1,0,0
Castilla y León,2020-02-19,1,0,1,0,0
Murcia,2020-02-19,1,0,1,0,0
Canarias,2020-02-19,1,1,0,0,0
Cataluña,2020-02-19,1,1,0,0,0
Extremadura,2020-02-19,1,1,0,0,0
País Vasco,2020-02-19,1,1,0,0,0
Madrid,2020-02-19,12,12,0,0,0
C. Valenciana,2020-02-19,2,1,1,0,0
España,2020-02-19,22,17,4,0,1
Aragón,2020-02-20,0,0,0,0,0
Asturias,2020-02-20,0,0,0,0,0
Cantabria,2020-02-20,0,0,0,0,0
Ceuta,2020-02-20,0,0,0,0,0
La Rioja,2020-02-20,0,0,0,0,0
Melilla,2020-02-20,0,0,0,0,0
Murcia,2020-02-20,0,0,0,0,0
Baleares,2020-02-20,1,0,1,0,0
Extremadura,2020-02-20,1,0,1,0,0
Navarra,2020-02-20,1,0,1,0,0
Canarias,2020-02-20,1,1,0,0,0
País Vasco,2020-02-20,1,1,0,0,0
Cataluña,2020-02-20,14,11,0,0,3
Castilla La Mancha,2020-02-20,2,1,0,0,1
Madrid,2020-02-20,23,23,0,0,0
Castilla y León,2020-02-20,3,1,2,0,0
Galicia,2020-02-20,3,3,0,0,0
C. Valenciana,2020-02-20,6,3,3,0,0
España,2020-02-20,64,47,13,0,4
Andalucía,2020-02-20,8,3,5,0,0
Asturias,2020-02-21,0,0,0,0,0
Baleares,2020-02-21,0,0,0,0,0
Canarias,2020-02-21,0,0,0,0,0
Cantabria,2020-02-21,0,0,0,0,0
Castilla La Mancha,2020-02-21,0,0,0,0,0
Ceuta,2020-02-21,0,0,0,0,0
Galicia,2020-02-21,0,0,0,0,0
Melilla,2020-02-21,0,0,0,0,0
Murcia,2020-02-21,0,0,0,0,0
Extremadura,2020-02-21,1,0,1,0,0
La Rioja,2020-02-21,1,1,0,0,0
Cataluña,2020-02-21,15,13,0,0,2
Navarra,2020-02-21,2,1,1,0,0
Aragón,2020-02-21,2,2,0,0,0
Madrid,2020-02-21,27,27,0,0,0
C. Valenciana,2020-02-21,3,2,1,0,0
País Vasco,2020-02-21,3,3,0,0,0
Castilla y León,2020-02-21,5,3,2,0,0
Andalucía,2020-02-21,5,4,1,0,0
España,2020-02-21,64,56,6,0,2
Asturias,2020-02-22,0,0,0,0,0
Baleares,2020-02-22,0,0,0,0,0
Canarias,2020-02-22,0,0,0,0,0
Cantabria,2020-02-22,0,0,0,0,0
Castilla La Mancha,2020-02-22,0,0,0,0,0
Ceuta,2020-02-22,0,0,0,0,0
Extremadura,2020-02-22,0,0,0,0,0
La Rioja,2020-02-22,0,0,0,0,0
Melilla,2020-02-22,0,0,0,0,0
Murcia,2020-02-22,1,1,0,0,0
Navarra,2020-02-22,1,1,0,0,0
Cataluña,2020-02-22,11,9,0,0,2
Andalucía,2020-02-22,2,2,0,0,0
Castilla y León,2020-02-22,2,2,0,0,0
C. Valenciana,2020-02-22,2,2,0,0,0
Madrid,2020-02-22,30,30,0,0,0
Galicia,2020-02-22,3,2,1,0,0
Aragón,2020-02-22,3,3,0,0,0
País Vasco,2020-02-22,4,4,0,0,0
España,2020-02-22,59,56,1,0,2
Baleares,2020-02-23,0,0,0,0,0
Castilla La Mancha,2020-02-23,0,0,0,0,0
Ceuta,2020-02-23,0,0,0,0,0
Extremadura,2020-02-23,0,0,0,0,0
Galicia,2020-02-23,0,0,0,0,0
Melilla,2020-02-23,0,0,0,0,0
Aragón,2020-02-23,1,1,0,0,0
Asturias,2020-02-23,1,1,0,0,0
Cantabria,2020-02-23,1,1,0,0,0
La Rioja,2020-02-23,1,1,0,0,0
Murcia,2020-02-23,1,1,0,0,0
Navarra,2020-02-23,1,1,0,0,0
País Vasco,2020-02-23,1,1,0,0,0
Andalucía,2020-02-23,2,2,0,0,0
Canarias,2020-02-23,2,2,0,0,0
Madrid,2020-02-23,44,44,0,0,0
Castilla y León,2020-02-23,5,4,1,0,0
C. Valenciana,2020-02-23,5,5,0,0,0
España,2020-02-23,73,70,1,0,2
Cataluña,2020-02-23,8,6,0,0,2
Asturias,2020-02-24,0,0,0,0,0
Baleares,2020-02-24,0,0,0,0,0
Canarias,2020-02-24,0,0,0,0,0
Cantabria,2020-02-24,0,0,0,0,0
Ceuta,2020-02-24,0,0,0,0,0
Extremadura,2020-02-24,0,0,0,0,0
Melilla,2020-02-24,0,0,0,0,0
Aragón,2020-02-24,1,1,0,0,0
Galicia,2020-02-24,1,1,0,0,0
España,2020-02-24,115,102,4,0,9
Cataluña,2020-02-24,14,9,0,0,5
C. Valenciana,2020-02-24,15,13,2,0,0
Murcia,2020-02-24,2,1,1,0,0
La Rioja,2020-02-24,2,2,0,0,0
Navarra,2020-02-24,3,3,0,0,0
Castilla La Mancha,2020-02-24,4,0,0,0,4
Castilla y León,2020-02-24,5,4,1,0,0
Andalucía,2020-02-24,5,5,0,0,0
Madrid,2020-02-24,57,57,0,0,0
País Vasco,2020-02-24,6,6,0,0,0
Baleares,2020-02-25,0,0,0,0,0
Ceuta,2020-02-25,0,0,0,0,0
Melilla,2020-02-25,0,0,0,0,0
C. Valenciana,2020-02-25,10,8,2,0,0
Asturias,2020-02-25,1,1,0,0,0
País Vasco,2020-02-25,12,11,0,0,1
España,2020-02-25,144,123,10,1,10
Canarias,2020-02-25,2,1,0,0,1
Aragón,2020-02-25,2,2,0,0,0
La Rioja,2020-02-25,2,2,0,0,0
Cataluña,2020-02-25,22,18,0,1,3
Murcia,2020-02-25,3,1,2,0,0
Galicia,2020-02-25,3,2,0,0,1
Castilla La Mancha,2020-02-25,4,1,0,0,3
Navarra,2020-02-25,4,2,2,0,0
Madrid,2020-02-25,51,50,0,0,1
Extremadura,2020-02-25,5,2,3,0,0
Castilla y León,2020-02-25,6,5,1,0,0
Cantabria,2020-02-25,8,8,0,0,0
Andalucía,2020-02-25,9,9,0,0,0
Asturias,2020-02-26,0,0,0,0,0
Cantabria,2020-02-26,0,0,0,0,0
Ceuta,2020-02-26,0,0,0,0,0
Melilla,2020-02-26,0,0,0,0,0
Baleares,2020-02-26,1,0,1,0,0
Extremadura,2020-02-26,1,0,1,0,0
Murcia,2020-02-26,1,0,1,0,0
País Vasco,2020-02-26,11,11,0,0,0
España,2020-02-26,167,145,8,0,14
Aragón,2020-02-26,2,2,0,0,0
Cataluña,2020-02-26,31,20,0,0,11
Galicia,2020-02-26,3,3,0,0,0
La Rioja,2020-02-26,4,4,0,0,0
Castilla La Mancha,2020-02-26,5,2,0,0,3
Navarra,2020-02-26,5,2,3,0,0
Madrid,2020-02-26,70,70,0,0,0
Canarias,2020-02-26,7,7,0,0,0
Castilla y León,2020-02-26,8,7,1,0,0
C. Valenciana,2020-02-26,9,8,1,0,0
Andalucía,2020-02-26,9,9,0,0,0
Aragón,2020-02-27,0,0,0,0,0
Asturias,2020-02-27,0,0,0,0,0
Cantabria,2020-02-27,0,0,0,0,0
Ceuta,2020-02-27,0,0,0,0,0
Melilla,2020-02-27,0,0,0,0,0
Canarias,2020-02-27,1,1,0,0,0
Murcia,2020-02-27,1,1,0,0,0
Andalucía,2020-02-27,11,7,4,0,0
País Vasco,2020-02-27,14,13,0,0,1
C. Valenciana,2020-02-27,15,15,0,0,0
Cataluña,2020-02-27,16,13,0,0,3
España,2020-02-27,198,178,9,0,11
Extremadura,2020-02-27,3,1,2,0,0
Baleares,2020-02-27,4,4,0,0,0
Navarra,2020-02-27,5,4,1,0,0
Castilla y León,2020-02-27,7,6,1,0,0
Galicia,2020-02-27,7,7,0,0,0
Castilla La Mancha,2020-02-27,9,2,0,0,7
Madrid,2020-02-27,96,96,0,0,0
La Rioja,2020-02-27,9,8,1,0,0
Cantabria,2020-02-28,0,0,0,0,0
Ceuta,2020-02-28,0,0,0,0,0
Melilla,2020-02-28,0,0,0,0,0
La Rioja,2020-02-28,10,10,0,0,0
Asturias,2020-02-28,1,1,0,0,0
Castilla La Mancha,2020-02-28,11,4,1,0,6
Castilla y León,2020-02-28,11,8,3,0,0
Madrid,2020-02-28,162,161,0,0,1
C. Valenciana,2020-02-28,28,22,5,0,1
Murcia,2020-02-28,3,1,2,0,0
Navarra,2020-02-28,3,2,1,0,0
Aragón,2020-02-28,3,3,0,0,0
País Vasco,2020-02-28,33,31,0,0,2
España,2020-02-28,335,297,16,1,21
Cataluña,2020-02-28,36,29,0,1,6
Baleares,2020-02-28,4,1,0,0,3
Galicia,2020-02-28,6,6,0,0,0
Extremadura,2020-02-28,8,4,3,0,1
Canarias,2020-02-28,8,7,0,0,1
Andalucía,2020-02-28,8,7,1,0,0
Ceuta,2020-02-29,0,0,0,0,0
Melilla,2020-02-29,0,0,0,0,0
Castilla y León,2020-02-29,10,10,0,0,0
Madrid,2020-02-29,109,108,1,0,0
Cantabria,2020-02-29,1,1,0,0,0
Galicia,2020-02-29,1,1,0,0,0
La Rioja,2020-02-29,13,13,0,0,0
Castilla La Mancha,2020-02-29,15,3,0,0,12
C. Valenciana,2020-02-29,17,14,3,0,0
Asturias,2020-02-29,2,2,0,0,0
Baleares,2020-02-29,2,2,0,0,0
País Vasco,2020-02-29,25,25,0,0,0
España,2020-02-29,255,227,8,0,20
Cataluña,2020-02-29,27,19,0,0,8
Murcia,2020-02-29,3,2,1,0,0
Extremadura,2020-02-29,4,3,1,0,0
Navarra,2020-02-29,5,4,1,0,0
Aragón,2020-02-29,6,6,0,0,0
Canarias,2020-02-29,6,6,0,0,0
Andalucía,2020-02-29,9,8,1,0,0
Ceuta,2020-03-01,0,0,0,0,0
Melilla,2020-03-01,0,0,0,0,0
Cantabria,2020-03-01,1,1,0,0,0
Navarra,2020-03-01,13,8,5,0,0
Asturias,2020-03-01,2,2,0,0,0
La Rioja,2020-03-01,22,22,0,0,0
Castilla y León,2020-03-01,32,28,4,0,0
Madrid,2020-03-01,324,324,0,0,0
Andalucía,2020-03-01,34,25,9,0,0
Baleares,2020-03-01,4,4,0,0,0
C. Valenciana,2020-03-01,44,34,9,0,1
País Vasco,2020-03-01,47,47,0,0,0
Extremadura,2020-03-01,5,3,2,0,0
Murcia,2020-03-01,5,4,1,0,0
Castilla La Mancha,2020-03-01,66,15,0,3,48
España,2020-03-01,708,613,32,4,59
Galicia,2020-03-01,7,5,2,0,0
Canarias,2020-03-01,7,7,0,0,0
Cataluña,2020-03-01,87,76,0,1,10
Aragón,2020-03-01,8,8,0,0,0
Cantabria,2020-03-02,0,0,0,0,0
Ceuta,2020-03-02,0,0,0,0,0
Melilla,2020-03-02,0,0,0,0,0
Canarias,2020-03-02,12,12,0,0,0
Aragón,2020-03-02,14,14,0,0,0
Navarra,2020-03-02,15,11,4,0,0
Galicia,2020-03-02,19,19,0,0,0
La Rioja,2020-03-02,30,29,1,0,0
Asturias,2020-03-02,3,3,0,0,0
Andalucía,2020-03-02,33,31,2,0,0
Madrid,2020-03-02,383,383,0,0,0
Castilla y León,2020-03-02,44,37,7,0,0
C. Valenciana,2020-03-02,46,36,9,0,1
País Vasco,2020-03-02,56,54,0,0,2
Castilla La Mancha,2020-03-02,62,18,0,5,39
Baleares,2020-03-02,6,6,0,0,0
Extremadura,2020-03-02,7,6,1,0,0
España,2020-03-02,821,727,26,6,62
Cataluña,2020-03-02,83,62,0,1,20
Murcia,2020-03-02,8,6,2,0,0
Cantabria,2020-03-03,0,0,0,0,0
Melilla,2020-03-03,0,0,0,0,0
Galicia,2020-03-03,16,16,0,0,0
Navarra,2020-03-03,18,14,4,0,0
Ceuta,2020-03-03,2,0,1,0,1
Asturias,2020-03-03,2,2,0,0,0
La Rioja,2020-03-03,28,27,1,0,0
Castilla y León,2020-03-03,29,27,2,0,0
C. Valenciana,2020-03-03,37,26,9,0,2
Madrid,2020-03-03,396,396,0,0,0
Andalucía,2020-03-03,42,36,6,0,0
Castilla La Mancha,2020-03-03,48,15,0,0,33
País Vasco,2020-03-03,58,57,0,0,1
Murcia,2020-03-03,6,3,3,0,0
Baleares,2020-03-03,7,7,0,0,0
España,2020-03-03,806,723,31,1,51
Aragón,2020-03-03,8,8,0,0,0
Cataluña,2020-03-03,91,76,0,1,14
Extremadura,2020-03-03,9,4,5,0,0
Canarias,2020-03-03,9,9,0,0,0
Cantabria,2020-03-04,0,0,0,0,0
Ceuta,2020-03-04,0,0,0,0,0
Melilla,2020-03-04,0,0,0,0,0
Murcia,2020-03-04,11,5,6,0,0
Galicia,2020-03-04,14,13,0,0,1
Aragón,2020-03-04,14,14,0,0,0
Canarias,2020-03-04,14,14,0,0,0
Cataluña,2020-03-04,150,128,0,2,20
Asturias,2020-03-04,2,2,0,0,0
Navarra,2020-03-04,22,18,4,0,0
La Rioja,2020-03-04,25,25,0,0,0
Andalucía,2020-03-04,34,31,3,0,0
Castilla y León,2020-03-04,35,31,4,0,0
C. Valenciana,2020-03-04,38,34,4,0,0
Madrid,2020-03-04,464,463,0,0,1
Baleares,2020-03-04,5,5,0,0,0
Castilla La Mancha,2020-03-04,60,17,1,2,40
País Vasco,2020-03-04,69,69,0,0,0
Extremadura,2020-03-04,9,6,3,0,0
España,2020-03-04,966,875,25,4,62
Cantabria,2020-03-05,0,0,0,0,0
Ceuta,2020-03-05,1,0,1,0,0
Melilla,2020-03-05,1,1,0,0,0
Aragón,2020-03-05,11,11,0,0,0
Baleares,2020-03-05,12,12,0,0,0
España,2020-03-05,1292,1171,39,3,79
Murcia,2020-03-05,14,10,4,0,0
Canarias,2020-03-05,16,15,0,0,1
Cataluña,2020-03-05,174,155,0,1,18
Galicia,2020-03-05,19,18,0,0,1
La Rioja,2020-03-05,27,27,0,0,0
Navarra,2020-03-05,28,19,9,0,0
Asturias,2020-03-05,5,5,0,0,0
Castilla y León,2020-03-05,55,46,9,0,0
C. Valenciana,2020-03-05,56,46,8,0,2
Andalucía,2020-03-05,61,55,6,0,0
Extremadura,2020-03-05,6,5,1,0,0
Madrid,2020-03-05,653,651,0,0,2
País Vasco,2020-03-05,76,75,0,0,1
Castilla La Mancha,2020-03-05,77,20,1,2,54
Ceuta,2020-03-06,0,0,0,0,0
Castilla La Mancha,2020-03-06,100,27,0,0,73
Baleares,2020-03-06,10,10,0,0,0
Melilla,2020-03-06,1,1,0,0,0
Asturias,2020-03-06,12,12,0,0,0
Murcia,2020-03-06,13,10,3,0,0
Aragón,2020-03-06,15,15,0,0,0
España,2020-03-06,1652,1494,47,3,108
Extremadura,2020-03-06,20,11,9,0,0
Galicia,2020-03-06,24,24,0,0,0
Canarias,2020-03-06,25,24,0,0,1
Navarra,2020-03-06,26,19,7,0,0
Cataluña,2020-03-06,269,238,0,3,28
La Rioja,2020-03-06,45,44,1,0,0
Castilla y León,2020-03-06,57,49,8,0,0
Andalucía,2020-03-06,73,66,7,0,0
C. Valenciana,2020-03-06,78,66,12,0,0
Madrid,2020-03-06,794,789,0,0,5
País Vasco,2020-03-06,81,80,0,0,1
Cantabria,2020-03-06,9,9,0,0,0
Ceuta,2020-03-07,0,0,0,0,0
Asturias,2020-03-07,12,12,0,0,0
Cantabria,2020-03-07,12,12,0,0,0
Castilla La Mancha,2020-03-07,141,32,0,1,108
Extremadura,2020-03-07,15,12,3,0,0
España,2020-03-07,1844,1643,42,4,155
Canarias,2020-03-07,19,18,0,0,1
Murcia,2020-03-07,20,15,5,0,0
Aragón,2020-03-07,22,22,0,0,0
Cataluña,2020-03-07,295,262,0,3,30
Melilla,2020-03-07,3,3,0,0,0
Galicia,2020-03-07,33,32,0,0,1
La Rioja,2020-03-07,39,39,0,0,0
Navarra,2020-03-07,49,42,7,0,0
Baleares,2020-03-07,7,6,1,0,0
Andalucía,2020-03-07,77,72,5,0,0
C. Valenciana,2020-03-07,80,64,8,0,8
Castilla y León,2020-03-07,83,71,12,0,0
Madrid,2020-03-07,845,842,1,0,2
País Vasco,2020-03-07,92,87,0,0,5
Ceuta,2020-03-08,1,0,0,0,1
País Vasco,2020-03-08,101,98,0,0,3
Madrid,2020-03-08,1054,1053,0,0,1
Melilla,2020-03-08,1,1,0,0,0
C. Valenciana,2020-03-08,118,99,17,0,2
Baleares,2020-03-08,14,12,1,0,1
Asturias,2020-03-08,14,14,0,0,0
Castilla La Mancha,2020-03-08,161,27,0,0,134
Cantabria,2020-03-08,17,17,0,0,0
Extremadura,2020-03-08,19,12,7,0,0
Murcia,2020-03-08,19,14,5,0,0
España,2020-03-08,2217,1977,62,1,177
Cataluña,2020-03-08,331,303,0,1,27
Canarias,2020-03-08,34,30,0,0,4
Aragón,2020-03-08,36,35,0,0,1
Galicia,2020-03-08,38,35,0,0,3
La Rioja,2020-03-08,41,41,0,0,0
Navarra,2020-03-08,51,38,13,0,0
Castilla y León,2020-03-08,80,70,10,0,0
Andalucía,2020-03-08,87,78,9,0,0
Ceuta,2020-03-09,1,0,1,0,0
País Vasco,2020-03-09,143,140,0,0,3
Madrid,2020-03-09,1520,1514,0,0,6
Castilla y León,2020-03-09,167,147,20,0,0
Andalucía,2020-03-09,169,158,11,0,0
Baleares,2020-03-09,17,16,1,0,0
C. Valenciana,2020-03-09,186,162,21,0,3
Castilla La Mancha,2020-03-09,208,45,0,0,163
Melilla,2020-03-09,2,2,0,0,0
Asturias,2020-03-09,32,32,0,0,0
España,2020-03-09,3417,3087,92,3,235
Murcia,2020-03-09,34,24,9,0,1
Aragón,2020-03-09,36,36,0,0,0
Extremadura,2020-03-09,38,31,7,0,0
Canarias,2020-03-09,47,40,0,0,7
Cataluña,2020-03-09,569,515,0,3,51
La Rioja,2020-03-09,60,59,1,0,0
Galicia,2020-03-09,82,80,1,0,1
Navarra,2020-03-09,97,77,20,0,0
Cantabria,2020-03-09,9,9,0,0,0
Ceuta,2020-03-10,1,0,0,0,1
Navarra,2020-03-10,109,84,25,0,0
Galicia,2020-03-10,118,113,2,0,3
Madrid,2020-03-10,1992,1985,1,0,6
Castilla y León,2020-03-10,214,192,22,0,0
Andalucía,2020-03-10,221,204,17,0,0
País Vasco,2020-03-10,227,225,0,0,2
Castilla La Mancha,2020-03-10,291,81,1,0,209
C. Valenciana,2020-03-10,305,266,33,0,6
Cantabria,2020-03-10,3,3,0,0,0
Baleares,2020-03-10,36,34,2,0,0
Extremadura,2020-03-10,44,36,8,0,0
España,2020-03-10,4679,4244,127,1,307
Aragón,2020-03-10,52,52,0,0,0
Asturias,2020-03-10,52,52,0,0,0
Melilla,2020-03-10,5,5,0,0,0
Canarias,2020-03-10,55,50,0,0,5
Murcia,2020-03-10,65,48,16,0,1
Cataluña,2020-03-10,801,726,0,1,74
La Rioja,2020-03-10,88,88,0,0,0
Navarra,2020-03-11,130,109,21,0,0
Galicia,2020-03-11,131,129,1,0,1
Cantabria,2020-03-11,17,17,0,0,0
Madrid,2020-03-11,1976,1975,0,0,1
País Vasco,2020-03-11,228,221,0,0,7
Castilla y León,2020-03-11,257,220,36,0,1
Andalucía,2020-03-11,263,246,17,0,0
C. Valenciana,2020-03-11,294,263,25,0,6
Ceuta,2020-03-11,3,0,1,0,2
Castilla La Mancha,2020-03-11,324,76,2,1,245
Baleares,2020-03-11,42,41,1,0,0
Melilla,2020-03-11,4,3,0,0,1
Asturias,2020-03-11,43,43,0,0,0
España,2020-03-11,4816,4347,140,3,326
Canarias,2020-03-11,59,54,0,0,5
Aragón,2020-03-11,66,66,0,0,0
La Rioja,2020-03-11,71,68,2,0,1
Murcia,2020-03-11,74,56,17,0,1
Extremadura,2020-03-11,74,57,17,0,0
Cataluña,2020-03-11,760,703,0,2,55
Ceuta,2020-03-12,1,0,0,0,1
Cataluña,2020-03-12,1030,969,0,1,60
Galicia,2020-03-12,181,181,0,0,0
Navarra,2020-03-12,182,140,42,0,0
Madrid,2020-03-12,2345,2338,0,0,7
País Vasco,2020-03-12,272,264,0,0,8
Melilla,2020-03-12,3,1,1,0,1
Andalucía,2020-03-12,318,301,17,0,0
Castilla y León,2020-03-12,344,308,36,0,0
Cantabria,2020-03-12,36,36,0,0,0
C. Valenciana,2020-03-12,390,358,31,0,1
Baleares,2020-03-12,42,39,2,0,1
Castilla La Mancha,2020-03-12,454,111,4,3,336
Asturias,2020-03-12,57,57,0,0,0
España,2020-03-12,6031,5436,171,4,420
Murcia,2020-03-12,62,40,21,0,1
Canarias,2020-03-12,73,69,0,0,4
La Rioja,2020-03-12,74,72,2,0,0
Aragón,2020-03-12,80,80,0,0,0
Extremadura,2020-03-12,87,72,15,0,0
Murcia,2020-03-13,104,70,33,0,1
La Rioja,2020-03-13,107,106,1,0,0
Melilla,2020-03-13,10,9,1,0,0
Canarias,2020-03-13,109,100,0,0,9
Aragón,2020-03-13,115,115,0,0,0
Cataluña,2020-03-13,1365,1268,0,6,91
Navarra,2020-03-13,211,138,73,0,0
Galicia,2020-03-13,241,240,0,0,1
Madrid,2020-03-13,2842,2838,0,0,4
País Vasco,2020-03-13,429,410,0,0,19
Andalucía,2020-03-13,487,447,40,0,0
C. Valenciana,2020-03-13,499,444,45,0,10
Castilla y León,2020-03-13,505,446,59,0,0
Cantabria,2020-03-13,54,54,0,0,0
Ceuta,2020-03-13,6,1,0,0,5
Baleares,2020-03-13,61,61,0,0,0
Castilla La Mancha,2020-03-13,628,183,1,3,441
Asturias,2020-03-13,70,70,0,0,0
España,2020-03-13,7937,7081,266,9,581
Extremadura,2020-03-13,94,81,13,0,0
Aragón,2020-03-14,107,107,0,0,0
Murcia,2020-03-14,108,80,28,0,0
Cataluña,2020-03-14,1323,1235,0,7,81
La Rioja,2020-03-14,138,136,2,0,0
Navarra,2020-03-14,177,121,56,0,0
Galicia,2020-03-14,240,238,1,0,1
Madrid,2020-03-14,2565,2554,0,0,11
Ceuta,2020-03-14,4,0,1,0,3
Andalucía,2020-03-14,420,392,28,0,0
País Vasco,2020-03-14,420,410,0,0,10
Melilla,2020-03-14,4,3,1,0,0
C. Valenciana,2020-03-14,496,452,33,0,11
Castilla y León,2020-03-14,523,467,55,1,0
Cantabria,2020-03-14,59,59,0,0,0
Castilla La Mancha,2020-03-14,605,158,1,2,444
Baleares,2020-03-14,71,68,3,0,0
España,2020-03-14,7527,6725,227,10,565
Asturias,2020-03-14,81,81,0,0,0
Extremadura,2020-03-14,89,71,18,0,0
Canarias,2020-03-14,97,93,0,0,4
La Rioja,2020-03-15,111,109,2,0,0
Aragón,2020-03-15,127,127,0,0,0
Cataluña,2020-03-15,1375,1293,0,13,69
Ceuta,2020-03-15,2,0,1,0,1
Navarra,2020-03-15,262,166,96,0,0
Madrid,2020-03-15,2689,2680,0,0,9
Galicia,2020-03-15,270,269,1,0,0
Melilla,2020-03-15,3,3,0,0,0
País Vasco,2020-03-15,433,417,0,0,16
Andalucía,2020-03-15,450,409,41,0,0
C. Valenciana,2020-03-15,532,469,55,0,8
Castilla y León,2020-03-15,538,472,65,0,1
Cantabria,2020-03-15,68,68,0,0,0
Castilla La Mancha,2020-03-15,774,250,3,6,515
España,2020-03-15,8082,7125,315,19,623
Baleares,2020-03-15,85,83,1,0,1
Extremadura,2020-03-15,86,62,24,0,0
Asturias,2020-03-15,89,89,0,0,0
Canarias,2020-03-15,91,89,0,0,2
Murcia,2020-03-15,97,70,26,0,1
Asturias,2020-03-16,106,106,0,0,0
Extremadura,2020-03-16,117,94,23,0,0
Murcia,2020-03-16,130,98,32,0,0
Canarias,2020-03-16,133,117,0,0,16
La Rioja,2020-03-16,157,154,3,0,0
Aragón,2020-03-16,163,163,0,0,0
Cataluña,2020-03-16,1711,1543,0,11,157
Navarra,2020-03-16,274,156,118,0,0
Madrid,2020-03-16,2967,2960,0,0,7
Galicia,2020-03-16,389,383,3,0,3
Andalucía,2020-03-16,573,536,37,0,0
País Vasco,2020-03-16,600,579,0,0,21
Ceuta,2020-03-16,6,1,1,0,4
Melilla,2020-03-16,6,2,2,1,1
C. Valenciana,2020-03-16,636,572,54,0,10
Cantabria,2020-03-16,71,71,0,0,0
Castilla y León,2020-03-16,780,679,100,1,0
Castilla La Mancha,2020-03-16,809,239,3,1,566
Baleares,2020-03-16,88,84,1,0,3
España,2020-03-16,9716,8537,377,14,788
Murcia,2020-03-17,103,79,24,0,0
Extremadura,2020-03-17,107,95,12,0,0
La Rioja,2020-03-17,122,117,5,0,0
Cataluña,2020-03-17,1567,1476,0,9,82
Aragón,2020-03-17,158,157,0,1,0
Navarra,2020-03-17,267,169,98,0,0
Madrid,2020-03-17,2793,2790,0,0,3
Galicia,2020-03-17,327,323,3,0,1
Melilla,2020-03-17,3,3,0,0,0
Ceuta,2020-03-17,5,0,1,0,4
País Vasco,2020-03-17,539,519,0,0,20
C. Valenciana,2020-03-17,559,509,39,0,11
Andalucía,2020-03-17,574,538,36,0,0
Castilla y León,2020-03-17,730,655,74,1,0
Castilla La Mancha,2020-03-17,745,199,5,2,539
Cantabria,2020-03-17,76,76,0,0,0
Asturias,2020-03-17,80,80,0,0,0
Baleares,2020-03-17,82,79,3,0,0
España,2020-03-17,8930,7954,300,13,663
Canarias,2020-03-17,93,90,0,0,3
Canarias,2020-03-18,117,109,0,0,8
Murcia,2020-03-18,122,91,30,0,1
Extremadura,2020-03-18,127,105,21,0,1
La Rioja,2020-03-18,143,142,1,0,0
Aragón,2020-03-18,168,168,0,0,0
Cataluña,2020-03-18,1683,1581,0,7,95
Navarra,2020-03-18,250,176,74,0,0
Madrid,2020-03-18,2652,2641,0,0,11
Galicia,2020-03-18,309,306,1,0,2
Andalucía,2020-03-18,530,493,37,0,0
C. Valenciana,2020-03-18,535,481,43,0,11
País Vasco,2020-03-18,553,544,0,0,9
Ceuta,2020-03-18,6,0,2,0,4
Melilla,2020-03-18,6,5,0,0,1
Castilla La Mancha,2020-03-18,791,216,4,1,570
Castilla y León,2020-03-18,815,732,83,0,0
Baleares,2020-03-18,81,80,1,0,0
Cantabria,2020-03-18,89,89,0,0,0
España,2020-03-18,9068,8050,297,8,713
Asturias,2020-03-18,91,91,0,0,0
Asturias,2020-03-19,101,101,0,0,0
Baleares,2020-03-19,105,102,2,0,1
Murcia,2020-03-19,120,80,40,0,0
Extremadura,2020-03-19,126,103,23,0,0
Cataluña,2020-03-19,1608,1522,0,5,81
La Rioja,2020-03-19,168,167,1,0,0
Aragón,2020-03-19,168,168,0,0,0
Cantabria,2020-03-19,177,177,0,0,0
Navarra,2020-03-19,233,153,80,0,0
Madrid,2020-03-19,2441,2432,0,0,9
Galicia,2020-03-19,294,290,4,0,0
País Vasco,2020-03-19,467,450,0,0,17
C. Valenciana,2020-03-19,495,456,33,0,6
Ceuta,2020-03-19,5,0,2,0,3
Andalucía,2020-03-19,556,522,34,0,0
Melilla,2020-03-19,6,3,1,0,2
Castilla La Mancha,2020-03-19,745,242,3,2,498
Canarias,2020-03-19,78,70,0,0,8
Castilla y León,2020-03-19,867,800,67,0,0
España,2020-03-19,8760,7838,290,7,625
España,2020-03-20,10858,9664,415,13,766
Canarias,2020-03-20,117,111,0,0,6
Murcia,2020-03-20,122,86,36,0,0
Cantabria,2020-03-20,143,143,0,0,0
Extremadura,2020-03-20,173,140,33,0,0
Cataluña,2020-03-20,1897,1791,0,7,99
La Rioja,2020-03-20,191,190,1,0,0
Aragón,2020-03-20,241,241,0,0,0
Madrid,2020-03-20,3113,3108,1,0,4
Navarra,2020-03-20,328,229,98,0,1
Melilla,2020-03-20,4,4,0,0,0
Galicia,2020-03-20,470,462,4,0,4
C. Valenciana,2020-03-20,574,511,59,0,4
País Vasco,2020-03-20,613,583,0,0,30
Ceuta,2020-03-20,7,0,1,0,6
Andalucía,2020-03-20,795,748,47,0,0
Asturias,2020-03-20,83,83,0,0,0
Castilla La Mancha,2020-03-20,935,309,8,6,612
Castilla y León,2020-03-20,955,830,125,0,0
Baleares,2020-03-20,97,95,2,0,0
Extremadura,2020-03-21,131,111,20,0,0
La Rioja,2020-03-21,133,133,0,0,0
Cataluña,2020-03-21,1457,1386,0,8,63
Aragón,2020-03-21,178,177,0,0,1
Madrid,2020-03-21,1925,1921,1,0,3
Navarra,2020-03-21,206,152,54,0,0
Galicia,2020-03-21,276,272,1,0,3
Melilla,2020-03-21,3,1,0,0,2
País Vasco,2020-03-21,433,423,0,0,10
C. Valenciana,2020-03-21,452,412,32,0,8
Andalucía,2020-03-21,544,517,26,0,1
Castilla La Mancha,2020-03-21,623,199,5,1,418
Baleares,2020-03-21,62,61,1,0,0
Asturias,2020-03-21,68,68,0,0,0
Ceuta,2020-03-21,7,0,1,0,6
España,2020-03-21,7531,6772,225,9,525
Castilla y León,2020-03-21,765,696,69,0,0
Murcia,2020-03-21,83,67,15,0,1
Canarias,2020-03-21,86,77,0,0,9
Cantabria,2020-03-21,99,99,0,0,0
La Rioja,2020-03-22,108,108,0,0,0
Cataluña,2020-03-22,1310,1236,0,0,74
Extremadura,2020-03-22,131,116,15,0,0
Aragón,2020-03-22,164,164,0,0,0
Madrid,2020-03-22,1658,1646,1,0,11
Navarra,2020-03-22,194,141,53,0,0
Galicia,2020-03-22,250,249,1,0,0
País Vasco,2020-03-22,394,384,0,0,10
C. Valenciana,2020-03-22,397,362,30,0,5
Andalucía,2020-03-22,523,489,34,0,0
Melilla,2020-03-22,5,4,0,0,1
Castilla La Mancha,2020-03-22,663,178,12,0,473
España,2020-03-22,6916,6095,237,0,584
Ceuta,2020-03-22,7,0,0,0,7
Castilla y León,2020-03-22,708,632,76,0,0
Canarias,2020-03-22,75,73,0,0,2
Asturias,2020-03-22,75,75,0,0,0
Murcia,2020-03-22,79,64,15,0,0
Cantabria,2020-03-22,84,84,0,0,0
Baleares,2020-03-22,91,90,0,0,1
Murcia,2020-03-23,128,100,28,0,0
Cataluña,2020-03-23,1511,1407,0,11,93
La Rioja,2020-03-23,158,155,3,0,0
Madrid,2020-03-23,2134,2129,0,0,5
Navarra,2020-03-23,242,161,81,0,0
Extremadura,2020-03-23,245,209,36,0,0
Aragón,2020-03-23,265,265,0,0,0
Galicia,2020-03-23,383,377,4,0,2
País Vasco,2020-03-23,483,460,0,0,23
C. Valenciana,2020-03-23,485,431,51,0,3
Melilla,2020-03-23,5,4,0,0,1
Andalucía,2020-03-23,562,535,27,0,0
Asturias,2020-03-23,70,70,0,0,0
Castilla La Mancha,2020-03-23,756,248,13,1,494
Castilla y León,2020-03-23,772,667,105,0,0
Baleares,2020-03-23,82,79,3,0,0
España,2020-03-23,8474,7475,357,12,630
Cantabria,2020-03-23,87,87,0,0,0
Ceuta,2020-03-23,9,0,6,0,3
Canarias,2020-03-23,97,91,0,0,6
Melilla,2020-03-24,1,1,0,0,0
La Rioja,2020-03-24,118,118,0,0,0
Cataluña,2020-03-24,1413,1333,0,3,77
Extremadura,2020-03-24,160,137,23,0,0
Aragón,2020-03-24,192,192,0,0,0
Madrid,2020-03-24,1997,1990,1,0,6
Navarra,2020-03-24,278,198,80,0,0
Galicia,2020-03-24,295,291,1,0,3
C. Valenciana,2020-03-24,340,306,27,0,7
País Vasco,2020-03-24,396,377,0,0,19
Andalucía,2020-03-24,492,463,29,0,0
Cantabria,2020-03-24,57,57,0,0,0
Asturias,2020-03-24,58,58,0,0,0
Canarias,2020-03-24,63,59,0,0,4
Castilla La Mancha,2020-03-24,647,249,17,1,380
Castilla y León,2020-03-24,664,556,106,1,1
Baleares,2020-03-24,66,65,1,0,0
España,2020-03-24,7323,6511,302,5,505
Murcia,2020-03-24,78,61,17,0,0
Ceuta,2020-03-24,8,0,0,0,8
Cataluña,2020-03-25,1324,1251,0,3,70
La Rioja,2020-03-25,133,132,1,0,0
Extremadura,2020-03-25,153,121,32,0,0
Madrid,2020-03-25,1780,1779,0,0,1
Aragón,2020-03-25,190,188,0,0,2
Navarra,2020-03-25,242,182,60,0,0
Galicia,2020-03-25,288,283,4,0,1
C. Valenciana,2020-03-25,411,359,42,0,10
País Vasco,2020-03-25,411,391,0,0,20
Melilla,2020-03-25,4,3,1,0,0
Andalucía,2020-03-25,522,487,34,0,1
Canarias,2020-03-25,55,54,0,0,1
Asturias,2020-03-25,57,57,0,0,0
Cantabria,2020-03-25,57,57,0,0,0
Castilla La Mancha,2020-03-25,665,241,20,3,401
Castilla y León,2020-03-25,694,597,97,0,0
España,2020-03-25,7163,6328,313,6,516
Murcia,2020-03-25,84,65,17,0,2
Baleares,2020-03-25,84,80,3,0,1
Ceuta,2020-03-25,9,1,2,0,6
La Rioja,2020-03-26,114,112,2,0,0
Extremadura,2020-03-26,138,120,18,0,0
Cataluña,2020-03-26,1388,1321,0,1,66
Madrid,2020-03-26,1553,1550,0,0,3
Aragón,2020-03-26,166,166,0,0,0
Navarra,2020-03-26,167,117,50,0,0
Galicia,2020-03-26,300,295,4,0,1
C. Valenciana,2020-03-26,309,271,33,0,5
País Vasco,2020-03-26,365,351,0,0,14
Cantabria,2020-03-26,39,39,0,0,0
Andalucía,2020-03-26,472,435,36,1,0
Murcia,2020-03-26,47,36,11,0,0
Ceuta,2020-03-26,5,1,1,0,3
Castilla y León,2020-03-26,556,478,78,0,0
Castilla La Mancha,2020-03-26,587,240,16,2,329
Canarias,2020-03-26,62,60,0,0,2
España,2020-03-26,6424,5742,255,4,423
Melilla,2020-03-26,6,5,1,0,0
Baleares,2020-03-26,73,68,5,0,0
Asturias,2020-03-26,77,77,0,0,0
Extremadura,2020-03-27,109,91,18,0,0
Cataluña,2020-03-27,1255,1196,0,5,54
La Rioja,2020-03-27,129,126,2,0,1
Madrid,2020-03-27,1494,1491,0,0,3
Navarra,2020-03-27,161,115,46,0,0
Ceuta,2020-03-27,2,0,1,0,1
Aragón,2020-03-27,213,212,0,0,1
Galicia,2020-03-27,306,301,3,0,2
C. Valenciana,2020-03-27,333,294,27,0,12
País Vasco,2020-03-27,398,387,0,0,11
Baleares,2020-03-27,40,37,2,0,1
Andalucía,2020-03-27,423,392,31,0,0
Castilla La Mancha,2020-03-27,509,200,14,3,292
Murcia,2020-03-27,52,36,14,0,2
Castilla y León,2020-03-27,524,456,68,0,0
Melilla,2020-03-27,5,3,0,0,2
España,2020-03-27,6168,5550,226,8,384
Asturias,2020-03-27,70,70,0,0,0
Canarias,2020-03-27,71,69,0,0,2
Cantabria,2020-03-27,74,74,0,0,0
La Rioja,2020-03-28,100,100,0,0,0
Madrid,2020-03-28,1257,1255,0,0,2
Cataluña,2020-03-28,1328,1262,0,5,61
Navarra,2020-03-28,140,108,32,0,0
Aragón,2020-03-28,147,147,0,0,0
C. Valenciana,2020-03-28,246,218,19,0,9
País Vasco,2020-03-28,290,279,0,0,11
Andalucía,2020-03-28,324,296,28,0,0
Galicia,2020-03-28,336,333,1,0,2
Baleares,2020-03-28,36,32,4,0,0
Canarias,2020-03-28,36,35,0,0,1
Murcia,2020-03-28,40,29,11,0,0
Castilla La Mancha,2020-03-28,410,166,25,1,218
Melilla,2020-03-28,4,3,1,0,0
Ceuta,2020-03-28,5,0,0,0,5
Castilla y León,2020-03-28,523,461,62,0,0
Asturias,2020-03-28,53,53,0,0,0
España,2020-03-28,5439,4917,207,6,309
Cantabria,2020-03-28,68,68,0,0,0
Extremadura,2020-03-28,96,72,24,0,0
Cataluña,2020-03-29,1042,971,0,6,65
Aragón,2020-03-29,136,136,0,0,0
Galicia,2020-03-29,198,196,1,0,1
C. Valenciana,2020-03-29,217,183,23,0,11
País Vasco,2020-03-29,268,240,0,0,28
Andalucía,2020-03-29,340,319,21,0,0
Murcia,2020-03-29,35,23,12,0,0
Castilla La Mancha,2020-03-29,372,171,20,0,181
Baleares,2020-03-29,37,36,1,0,0
Cantabria,2020-03-29,39,39,0,0,0
Asturias,2020-03-29,40,40,0,0,0
Canarias,2020-03-29,42,42,0,0,0
Castilla y León,2020-03-29,424,388,36,0,0
España,2020-03-29,4321,3873,145,6,297
Melilla,2020-03-29,5,4,0,0,1
Extremadura,2020-03-29,62,51,11,0,0
Ceuta,2020-03-29,7,0,0,0,7
Madrid,2020-03-29,874,870,1,0,3
La Rioja,2020-03-29,87,85,2,0,0
Navarra,2020-03-29,96,79,17,0,0
Extremadura,2020-03-30,107,66,41,0,0
Madrid,2020-03-30,1093,1090,1,0,2
La Rioja,2020-03-30,117,116,1,0,0
Cataluña,2020-03-30,1202,1105,0,8,89
Aragón,2020-03-30,131,131,0,0,0
Navarra,2020-03-30,245,211,34,0,0
C. Valenciana,2020-03-30,256,222,25,0,9
Cantabria,2020-03-30,27,27,0,0,0
Galicia,2020-03-30,282,273,5,0,4
País Vasco,2020-03-30,321,304,0,0,17
Melilla,2020-03-30,3,3,0,0,0
Andalucía,2020-03-30,341,302,39,0,0
Murcia,2020-03-30,41,26,15,0,0
Asturias,2020-03-30,45,45,0,0,0
Castilla y León,2020-03-30,498,423,74,0,1
Ceuta,2020-03-30,5,0,1,0,4
Canarias,2020-03-30,51,49,0,0,2
Castilla La Mancha,2020-03-30,523,230,22,3,268
España,2020-03-30,5354,4684,261,11,398
Baleares,2020-03-30,66,61,3,0,2
Madrid,2020-03-31,1076,1075,0,0,1
La Rioja,2020-03-31,108,105,3,0,0
Cataluña,2020-03-31,1131,1071,0,1,59
Aragón,2020-03-31,116,116,0,0,0
Navarra,2020-03-31,151,125,26,0,0
Galicia,2020-03-31,167,161,4,0,2
C. Valenciana,2020-03-31,181,151,23,0,7
Ceuta,2020-03-31,2,0,0,0,2
Andalucía,2020-03-31,254,238,16,0,0
País Vasco,2020-03-31,268,249,0,0,19
Canarias,2020-03-31,28,27,0,0,1
Murcia,2020-03-31,30,23,7,0,0
Melilla,2020-03-31,3,3,0,0,0
Cantabria,2020-03-31,33,33,0,0,0
Castilla y León,2020-03-31,400,360,40,0,0
Castilla La Mancha,2020-03-31,412,169,30,2,211
Asturias,2020-03-31,42,42,0,0,0
España,2020-03-31,4511,4030,176,3,302
Baleares,2020-03-31,48,45,3,0,0
Extremadura,2020-03-31,61,37,24,0,0
La Rioja,2020-04-01,108,107,1,0,0
Cataluña,2020-04-01,1285,1217,0,7,61
Madrid,2020-04-01,1348,1346,0,0,2
Extremadura,2020-04-01,134,89,45,0,0
Aragón,2020-04-01,157,156,0,0,1
Navarra,2020-04-01,233,195,38,0,0
C. Valenciana,2020-04-01,240,202,31,1,6
Galicia,2020-04-01,240,233,4,0,3
Murcia,2020-04-01,28,19,9,0,0
País Vasco,2020-04-01,288,266,0,0,22
Asturias,2020-04-01,29,29,0,0,0
Andalucía,2020-04-01,357,324,32,0,1
Castilla La Mancha,2020-04-01,461,193,35,1,232
Canarias,2020-04-01,52,51,0,0,1
Melilla,2020-04-01,5,5,0,0,0
Castilla y León,2020-04-01,561,449,112,0,0
España,2020-04-01,5690,5034,316,9,331
Cantabria,2020-04-01,72,72,0,0,0
Ceuta,2020-04-01,8,0,6,0,2
Baleares,2020-04-01,84,81,3,0,0
Madrid,2020-04-02,1005,1005,0,0,0
La Rioja,2020-04-02,100,99,1,0,0
Cataluña,2020-04-02,1063,1007,0,1,55
Aragón,2020-04-02,127,127,0,0,0
Navarra,2020-04-02,144,126,18,0,0
Ceuta,2020-04-02,2,0,1,0,1
C. Valenciana,2020-04-02,217,181,31,0,5
País Vasco,2020-04-02,256,239,0,0,17
Andalucía,2020-04-02,262,215,47,0,0
Galicia,2020-04-02,266,259,4,0,3
Murcia,2020-04-02,30,21,9,0,0
Melilla,2020-04-02,3,3,0,0,0
Canarias,2020-04-02,34,32,0,0,2
Baleares,2020-04-02,35,34,1,0,0
Castilla La Mancha,2020-04-02,366,147,24,1,194
España,2020-04-02,4611,4099,233,2,277
Castilla y León,2020-04-02,518,446,72,0,0
Cantabria,2020-04-02,53,53,0,0,0
Asturias,2020-04-02,54,54,0,0,0
Extremadura,2020-04-02,76,51,25,0,0
Extremadura,2020-04-03,104,65,39,0,0
Aragón,2020-04-03,108,108,0,0,0
Cataluña,2020-04-03,1209,1166,1,3,39
Navarra,2020-04-03,138,126,12,0,0
Canarias,2020-04-03,17,17,0,0,0
Ceuta,2020-04-03,2,0,1,0,1
Andalucía,2020-04-03,202,172,30,0,0
Galicia,2020-04-03,209,209,0,0,0
C. Valenciana,2020-04-03,216,190,23,0,3
Murcia,2020-04-03,26,14,12,0,0
País Vasco,2020-04-03,330,309,0,0,21
Castilla La Mancha,2020-04-03,341,148,27,1,165
Cantabria,2020-04-03,34,34,0,0,0
Asturias,2020-04-03,38,38,0,0,0
Melilla,2020-04-03,4,3,1,0,0
España,2020-04-03,4605,4142,229,4,230
Baleares,2020-04-03,47,43,3,0,1
Castilla y León,2020-04-03,568,492,76,0,0
La Rioja,2020-04-03,79,75,4,0,0
Madrid,2020-04-03,933,933,0,0,0
Galicia,2020-04-04,134,133,0,0,1
C. Valenciana,2020-04-04,142,118,19,0,5
Ceuta,2020-04-04,2,0,0,0,2
País Vasco,2020-04-04,216,201,0,0,15
Murcia,2020-04-04,22,19,3,0,0
Baleares,2020-04-04,25,23,2,0,0
Canarias,2020-04-04,29,28,0,0,1
Andalucía,2020-04-04,317,166,151,0,0
Melilla,2020-04-04,3,2,1,0,0
Castilla La Mancha,2020-04-04,381,144,35,0,202
España,2020-04-04,3945,3335,340,2,268
Asturias,2020-04-04,45,45,0,0,0
La Rioja,2020-04-04,55,53,2,0,0
Castilla y León,2020-04-04,569,482,87,0,0
Cantabria,2020-04-04,62,62,0,0,0
Madrid,2020-04-04,716,714,0,0,2
Extremadura,2020-04-04,75,47,28,0,0
Navarra,2020-04-04,88,76,12,0,0
Aragón,2020-04-04,95,94,0,0,1
Cataluña,2020-04-04,969,928,0,2,39
Melilla,2020-04-05,1,0,1,0,0
Navarra,2020-04-05,101,86,15,0,0
Galicia,2020-04-05,118,115,2,0,1
C. Valenciana,2020-04-05,122,105,12,0,5
Canarias,2020-04-05,17,15,0,0,2
Ceuta,2020-04-05,2,0,0,0,2
País Vasco,2020-04-05,229,218,0,0,11
Cantabria,2020-04-05,25,25,0,0,0
Andalucía,2020-04-05,277,160,117,0,0
Murcia,2020-04-05,29,11,18,0,0
Baleares,2020-04-05,30,27,2,0,1
España,2020-04-05,3512,2954,301,2,255
La Rioja,2020-04-05,36,35,1,0,0
Castilla y León,2020-04-05,390,318,72,0,0
Asturias,2020-04-05,43,43,0,0,0
Castilla La Mancha,2020-04-05,462,237,33,1,191
Extremadura,2020-04-05,53,25,28,0,0
Madrid,2020-04-05,635,634,0,0,1
Cataluña,2020-04-05,846,806,0,0,40
Aragón,2020-04-05,96,94,0,1,1
Melilla,2020-04-06,0,0,0,0,0
Aragón,2020-04-06,125,125,0,0,0
Canarias,2020-04-06,13,13,0,0,0
Navarra,2020-04-06,149,132,17,0,0
Murcia,2020-04-06,15,6,9,0,0
C. Valenciana,2020-04-06,180,137,37,0,6
Galicia,2020-04-06,184,177,6,0,1
Andalucía,2020-04-06,187,137,49,0,1
Baleares,2020-04-06,26,21,5,0,0
Cantabria,2020-04-06,28,27,1,0,0
País Vasco,2020-04-06,299,285,0,0,14
Ceuta,2020-04-06,3,1,0,0,2
España,2020-04-06,3821,3129,323,2,367
Asturias,2020-04-06,41,41,0,0,0
La Rioja,2020-04-06,41,41,0,0,0
Castilla La Mancha,2020-04-06,416,126,25,1,264
Castilla y León,2020-04-06,594,461,133,0,0
Madrid,2020-04-06,625,624,0,0,1
Extremadura,2020-04-06,78,37,41,0,0
Cataluña,2020-04-06,817,738,0,1,78
Murcia,2020-04-07,10,4,5,0,1
Aragón,2020-04-07,108,108,0,0,0
Navarra,2020-04-07,118,84,34,0,0
Cantabria,2020-04-07,13,13,0,0,0
Galicia,2020-04-07,154,148,3,0,3
C. Valenciana,2020-04-07,171,127,39,0,5
Baleares,2020-04-07,19,18,1,0,0
Ceuta,2020-04-07,2,0,0,0,2
Melilla,2020-04-07,2,2,0,0,0
País Vasco,2020-04-07,241,223,0,0,18
Canarias,2020-04-07,26,24,0,0,2
Andalucía,2020-04-07,266,163,103,0,0
España,2020-04-07,3584,2886,356,0,342
Castilla La Mancha,2020-04-07,363,97,23,0,243
Castilla y León,2020-04-07,430,328,102,0,0
Asturias,2020-04-07,45,45,0,0,0
La Rioja,2020-04-07,52,51,1,0,0
Extremadura,2020-04-07,72,27,45,0,0
Cataluña,2020-04-07,744,678,0,0,66
Madrid,2020-04-07,748,746,0,0,2
Melilla,2020-04-08,0,0,0,0,0
Ceuta,2020-04-08,1,0,1,0,0
Aragón,2020-04-08,111,110,0,0,1
Navarra,2020-04-08,119,93,26,0,0
Galicia,2020-04-08,150,147,2,0,1
Canarias,2020-04-08,16,14,0,0,2
C. Valenciana,2020-04-08,170,125,41,0,4
Baleares,2020-04-08,23,22,1,0,0
País Vasco,2020-04-08,243,218,0,0,25
Andalucía,2020-04-08,251,132,119,0,0
Cantabria,2020-04-08,26,26,0,0,0
Castilla La Mancha,2020-04-08,365,106,21,0,238
España,2020-04-08,3875,3137,424,3,311
Murcia,2020-04-08,40,16,24,0,0
La Rioja,2020-04-08,45,39,6,0,0
Asturias,2020-04-08,48,48,0,0,0
Castilla y León,2020-04-08,509,372,136,1,0
Madrid,2020-04-08,681,681,0,0,0
Extremadura,2020-04-08,83,36,47,0,0
Cataluña,2020-04-08,994,952,0,2,40
Melilla,2020-04-09,0,0,0,0,0
Aragón,2020-04-09,102,89,0,0,13
Cataluña,2020-04-09,1052,1009,0,1,42
Navarra,2020-04-09,112,79,33,0,0
Baleares,2020-04-09,11,8,3,0,0
Andalucía,2020-04-09,137,85,52,0,0
Galicia,2020-04-09,159,149,8,0,2
C. Valenciana,2020-04-09,173,117,51,0,5
País Vasco,2020-04-09,215,193,0,0,22
Cantabria,2020-04-09,23,23,0,0,0
Canarias,2020-04-09,26,23,0,0,3
Murcia,2020-04-09,27,5,21,0,1
Ceuta,2020-04-09,3,1,1,0,1
Castilla La Mancha,2020-04-09,344,81,9,2,252
España,2020-04-09,3725,2956,421,3,345
Asturias,2020-04-09,43,43,0,0,0
La Rioja,2020-04-09,44,42,2,0,0
Castilla y León,2020-04-09,537,351,186,0,0
Madrid,2020-04-09,641,637,0,0,4
Extremadura,2020-04-09,76,21,55,0,0
Ceuta,2020-04-10,1,0,0,0,1
Cataluña,2020-04-10,1012,966,0,1,45
Navarra,2020-04-10,106,69,37,0,0
Melilla,2020-04-10,1,1,0,0,0
Murcia,2020-04-10,12,5,7,0,0
Canarias,2020-04-10,14,13,0,0,1
C. Valenciana,2020-04-10,141,95,45,0,1
País Vasco,2020-04-10,199,176,0,0,23
Baleares,2020-04-10,21,17,4,0,0
Andalucía,2020-04-10,218,98,120,0,0
Cantabria,2020-04-10,29,29,0,0,0
Castilla La Mancha,2020-04-10,298,70,18,0,210
España,2020-04-10,3678,2850,534,2,292
La Rioja,2020-04-10,40,39,1,0,0
Castilla y León,2020-04-10,558,324,234,0,0
Asturias,2020-04-10,57,57,0,0,0
Madrid,2020-04-10,710,708,0,0,2
Galicia,2020-04-10,80,71,9,0,0
Aragón,2020-04-10,83,73,0,1,9
Extremadura,2020-04-10,98,39,59,0,0
Melilla,2020-04-11,0,0,0,0,0
Cataluña,2020-04-11,1060,1030,0,1,29
Murcia,2020-04-11,12,5,7,0,0
C. Valenciana,2020-04-11,133,78,50,0,5
País Vasco,2020-04-11,140,124,0,0,16
Canarias,2020-04-11,14,14,0,0,0
Baleares,2020-04-11,15,14,1,0,0
Castilla La Mancha,2020-04-11,155,59,13,0,83
Andalucía,2020-04-11,162,94,68,0,0
Ceuta,2020-04-11,2,0,2,0,0
Cantabria,2020-04-11,24,24,0,0,0
La Rioja,2020-04-11,25,23,2,0,0
España,2020-04-11,3135,2594,400,1,140
Castilla y León,2020-04-11,481,310,171,0,0
Asturias,2020-04-11,53,53,0,0,0
Madrid,2020-04-11,575,574,1,0,0
Aragón,2020-04-11,63,57,0,0,6
Galicia,2020-04-11,66,63,2,0,1
Extremadura,2020-04-11,71,27,44,0,0
Navarra,2020-04-11,84,45,39,0,0
Ceuta,2020-04-12,0,0,0,0,0
Melilla,2020-04-12,1,1,0,0,0
Murcia,2020-04-12,11,4,4,0,3
Andalucía,2020-04-12,129,81,48,0,0
Baleares,2020-04-12,15,15,0,0,0
País Vasco,2020-04-12,153,142,0,0,11
La Rioja,2020-04-12,22,22,0,0,0
Castilla La Mancha,2020-04-12,225,72,6,0,147
Asturias,2020-04-12,23,23,0,0,0
España,2020-04-12,2467,1978,299,0,190
Castilla y León,2020-04-12,326,159,167,0,0
Cantabria,2020-04-12,46,46,0,0,0
Extremadura,2020-04-12,47,21,26,0,0
Madrid,2020-04-12,500,499,0,0,1
Aragón,2020-04-12,55,51,0,0,4
Galicia,2020-04-12,66,62,3,0,1
Cataluña,2020-04-12,667,646,0,0,21
C. Valenciana,2020-04-12,83,67,14,0,2
Canarias,2020-04-12,8,8,0,0,0
Navarra,2020-04-12,90,59,31,0,0
Melilla,2020-04-13,1,1,0,0,0
Galicia,2020-04-13,110,103,7,0,0
Andalucía,2020-04-13,111,70,40,1,0
País Vasco,2020-04-13,131,110,0,0,21
Canarias,2020-04-13,13,12,0,0,1
Baleares,2020-04-13,15,10,4,0,1
Ceuta,2020-04-13,2,0,1,0,1
España,2020-04-13,2642,1883,455,4,300
La Rioja,2020-04-13,29,25,4,0,0
Asturias,2020-04-13,32,32,0,0,0
Castilla La Mancha,2020-04-13,327,106,10,1,210
Cantabria,2020-04-13,35,35,0,0,0
Madrid,2020-04-13,382,379,0,0,3
Castilla y León,2020-04-13,512,235,277,0,0
Cataluña,2020-04-13,598,550,0,2,46
Extremadura,2020-04-13,68,24,44,0,0
Murcia,2020-04-13,7,1,6,0,0
Aragón,2020-04-13,83,71,0,0,12
Navarra,2020-04-13,87,56,31,0,0
C. Valenciana,2020-04-13,99,63,31,0,5
Ceuta,2020-04-14,0,0,0,0,0
Melilla,2020-04-14,0,0,0,0,0
Navarra,2020-04-14,100,48,52,0,0
Galicia,2020-04-14,100,64,34,0,2
País Vasco,2020-04-14,104,89,0,0,15
Baleares,2020-04-14,10,8,2,0,0
Canarias,2020-04-14,13,12,0,0,1
Cantabria,2020-04-14,14,14,0,0,0
Andalucía,2020-04-14,210,58,152,0,0
Castilla La Mancha,2020-04-14,233,67,17,0,149
La Rioja,2020-04-14,24,24,0,0,0
España,2020-04-14,2767,1945,607,1,214
Asturias,2020-04-14,30,30,0,0,0
Castilla y León,2020-04-14,461,201,260,0,0
Madrid,2020-04-14,496,492,0,0,4
Aragón,2020-04-14,53,44,0,0,9
Cataluña,2020-04-14,727,698,0,1,28
Murcia,2020-04-14,7,5,2,0,0
Extremadura,2020-04-14,87,28,59,0,0
C. Valenciana,2020-04-14,98,63,29,0,6
Ceuta,2020-04-15,0,0,0,0,0
Melilla,2020-04-15,0,0,0,0,0
País Vasco,2020-04-15,109,99,0,0,10
Canarias,2020-04-15,15,15,0,0,0
C. Valenciana,2020-04-15,151,72,75,0,4
La Rioja,2020-04-15,16,14,2,0,0
Cantabria,2020-04-15,17,17,0,0,0
Castilla La Mancha,2020-04-15,180,77,6,0,97
Galicia,2020-04-15,199,97,100,0,2
Andalucía,2020-04-15,216,90,126,0,0
España,2020-04-15,2813,2060,599,1,153
Castilla y León,2020-04-15,342,174,168,0,0
Asturias,2020-04-15,40,40,0,0,0
Madrid,2020-04-15,504,503,0,0,1
Cataluña,2020-04-15,752,728,0,1,23
Navarra,2020-04-15,78,35,43,0,0
Aragón,2020-04-15,79,64,0,0,15
Murcia,2020-04-15,9,5,3,0,1
Baleares,2020-04-15,9,5,4,0,0
Extremadura,2020-04-15,97,25,72,0,0
Melilla,2020-04-16,0,0,0,0,0
Galicia,2020-04-16,108,69,36,0,3
Ceuta,2020-04-16,1,1,0,0,0
Asturias,2020-04-16,12,12,0,0,0
Castilla La Mancha,2020-04-16,127,33,10,0,84
País Vasco,2020-04-16,128,108,0,0,20
C. Valenciana,2020-04-16,131,53,75,0,3
Baleares,2020-04-16,14,14,0,0,0
Canarias,2020-04-16,15,14,0,0,1
Andalucía,2020-04-16,175,50,125,0,0
Cantabria,2020-04-16,18,18,0,0,0
Murcia,2020-04-16,2,1,1,0,0
España,2020-04-16,2564,1950,479,1,134
La Rioja,2020-04-16,29,28,1,0,0
Castilla y León,2020-04-16,299,144,155,0,0
Madrid,2020-04-16,598,597,0,0,1
Navarra,2020-04-16,61,30,31,0,0
Aragón,2020-04-16,63,55,0,0,8
Extremadura,2020-04-16,69,23,45,1,0
Cataluña,2020-04-16,714,700,0,0,14
Melilla,2020-04-17,0,0,0,0,0
Ceuta,2020-04-17,1,0,1,0,0
Extremadura,2020-04-17,101,28,73,0,0
Baleares,2020-04-17,11,7,3,0,1
Asturias,2020-04-17,12,12,0,0,0
Andalucía,2020-04-17,141,63,78,0,0
Castilla La Mancha,2020-04-17,145,24,14,0,107
País Vasco,2020-04-17,150,132,0,0,18
C. Valenciana,2020-04-17,157,82,72,0,3
Castilla y León,2020-04-17,205,145,60,0,0
España,2020-04-17,2244,1677,391,0,176
La Rioja,2020-04-17,25,23,2,0,0
Cantabria,2020-04-17,27,26,0,0,1
Madrid,2020-04-17,390,390,0,0,0
Cataluña,2020-04-17,612,585,0,0,27
Murcia,2020-04-17,6,3,3,0,0
Aragón,2020-04-17,69,53,0,0,16
Navarra,2020-04-17,86,44,42,0,0
Canarias,2020-04-17,8,8,0,0,0
Galicia,2020-04-17,98,52,43,0,3
Melilla,2020-04-18,0,0,0,0,0
Ceuta,2020-04-18,1,0,1,0,0
Galicia,2020-04-18,107,62,45,0,0
País Vasco,2020-04-18,108,97,0,0,11
Cantabria,2020-04-18,13,13,0,0,0
Andalucía,2020-04-18,135,41,94,0,0
Baleares,2020-04-18,14,12,2,0,0
La Rioja,2020-04-18,17,17,0,0,0
Castilla y León,2020-04-18,171,94,76,1,0
C. Valenciana,2020-04-18,199,52,142,0,5
España,2020-04-18,2019,1448,469,1,101
Cataluña,2020-04-18,453,429,0,0,24
Madrid,2020-04-18,469,469,0,0,0
Murcia,2020-04-18,5,0,5,0,0
Aragón,2020-04-18,57,55,0,0,2
Navarra,2020-04-18,65,39,26,0,0
Extremadura,2020-04-18,90,18,72,0,0
Castilla La Mancha,2020-04-18,97,32,6,0,59
Asturias,2020-04-18,9,9,0,0,0
Canarias,2020-04-18,9,9,0,0,0
Ceuta,2020-04-19,0,0,0,0,0
Melilla,2020-04-19,0,0,0,0,0
Castilla La Mancha,2020-04-19,105,33,1,0,71
Baleares,2020-04-19,10,8,2,0,0
España,2020-04-19,1314,985,233,1,95
La Rioja,2020-04-19,14,14,0,0,0
Canarias,2020-04-19,15,15,0,0,0
Cantabria,2020-04-19,15,15,0,0,0
Castilla y León,2020-04-19,217,136,81,0,0
Madrid,2020-04-19,265,264,0,0,1
Cataluña,2020-04-19,269,260,0,0,9
Murcia,2020-04-19,4,3,1,0,0
Aragón,2020-04-19,44,35,0,0,9
Navarra,2020-04-19,46,35,11,0,0
Extremadura,2020-04-19,48,11,36,1,0
País Vasco,2020-04-19,54,50,0,0,4
Galicia,2020-04-19,57,47,10,0,0
Asturias,2020-04-19,6,6,0,0,0
C. Valenciana,2020-04-19,71,25,45,0,1
Andalucía,2020-04-19,74,28,46,0,0
Ceuta,2020-04-20,1,1,0,0,0
Castilla La Mancha,2020-04-20,142,53,3,0,86
España,2020-04-20,1608,1247,218,2,141
Canarias,2020-04-20,16,15,0,0,1
Baleares,2020-04-20,18,14,3,0,1
Murcia,2020-04-20,2,1,1,0,0
Melilla,2020-04-20,2,2,0,0,0
Cantabria,2020-04-20,24,24,0,0,0
Castilla y León,2020-04-20,261,196,64,1,0
Madrid,2020-04-20,281,281,0,0,0
Cataluña,2020-04-20,367,339,0,1,27
Aragón,2020-04-20,45,30,0,0,15
Extremadura,2020-04-20,49,31,18,0,0
Navarra,2020-04-20,63,31,32,0,0
C. Valenciana,2020-04-20,72,35,34,0,3
Asturias,2020-04-20,7,7,0,0,0
Andalucía,2020-04-20,78,38,40,0,0
País Vasco,2020-04-20,82,78,0,0,4
Galicia,2020-04-20,89,62,23,0,4
La Rioja,2020-04-20,9,9,0,0,0
Melilla,2020-04-21,0,0,0,0,0
Cantabria,2020-04-21,10,10,0,0,0
Baleares,2020-04-21,11,7,4,0,0
Aragón,2020-04-21,132,37,0,0,95
Castilla La Mancha,2020-04-21,147,34,4,0,109
Andalucía,2020-04-21,154,38,116,0,0
Asturias,2020-04-21,16,16,0,0,0
C. Valenciana,2020-04-21,178,50,123,0,5
España,2020-04-21,1900,1121,535,1,243
Cataluña,2020-04-21,199,179,0,1,19
Ceuta,2020-04-21,2,0,2,0,0
Castilla y León,2020-04-21,279,120,159,0,0
Navarra,2020-04-21,30,11,19,0,0
Madrid,2020-04-21,477,477,0,0,0
La Rioja,2020-04-21,6,4,2,0,0
Extremadura,2020-04-21,69,16,53,0,0
Murcia,2020-04-21,7,2,5,0,0
Canarias,2020-04-21,7,7,0,0,0
País Vasco,2020-04-21,78,70,0,0,8
Galicia,2020-04-21,98,43,48,0,7
Aragón,2020-04-22,100,57,0,0,43
Melilla,2020-04-22,1,1,0,0,0
Andalucía,2020-04-22,134,27,107,0,0
Galicia,2020-04-22,134,48,75,0,11
Castilla La Mancha,2020-04-22,150,24,5,0,121
La Rioja,2020-04-22,15,14,1,0,0
C. Valenciana,2020-04-22,156,35,120,0,1
España,2020-04-22,1991,1277,499,1,214
Castilla y León,2020-04-22,256,164,92,0,0
Cantabria,2020-04-22,26,26,0,0,0
Ceuta,2020-04-22,3,1,2,0,0
Cataluña,2020-04-22,323,302,0,1,20
Madrid,2020-04-22,459,458,0,0,1
Navarra,2020-04-22,53,21,32,0,0
País Vasco,2020-04-22,65,49,0,0,16
Canarias,2020-04-22,7,7,0,0,0
Murcia,2020-04-22,8,3,5,0,0
Baleares,2020-04-22,8,5,2,0,1
Extremadura,2020-04-22,85,27,58,0,0
Asturias,2020-04-22,8,8,0,0,0
Melilla,2020-04-23,0,0,0,0,0
Murcia,2020-04-23,12,3,9,0,0
Galicia,2020-04-23,125,57,60,0,8
La Rioja,2020-04-23,13,13,0,0,0
Andalucía,2020-04-23,168,35,133,0,0
España,2020-04-23,1741,1044,588,0,109
C. Valenciana,2020-04-23,191,43,142,0,6
Castilla y León,2020-04-23,213,80,132,0,1
Cantabria,2020-04-23,26,26,0,0,0
Cataluña,2020-04-23,279,265,0,0,14
Aragón,2020-04-23,28,22,0,0,6
Ceuta,2020-04-23,3,0,3,0,0
Madrid,2020-04-23,370,370,0,0,0
Canarias,2020-04-23,5,3,0,0,2
Baleares,2020-04-23,5,5,0,0,0
Navarra,2020-04-23,56,19,37,0,0
País Vasco,2020-04-23,66,58,0,0,8
Extremadura,2020-04-23,84,14,70,0,0
Castilla La Mancha,2020-04-23,88,22,2,0,64
Asturias,2020-04-23,9,9,0,0,0
Ceuta,2020-04-24,1,0,1,0,0
Baleares,2020-04-24,10,9,1,0,0
Melilla,2020-04-24,1,1,0,0,0
Canarias,2020-04-24,11,10,0,0,1
Extremadura,2020-04-24,112,16,96,0,0
Galicia,2020-04-24,124,38,79,0,7
Cantabria,2020-04-24,13,13,0,0,0
Andalucía,2020-04-24,170,46,124,0,0
Asturias,2020-04-24,17,17,0,0,0
España,2020-04-24,1739,954,690,2,93
C. Valenciana,2020-04-24,230,40,187,0,3
Madrid,2020-04-24,238,237,0,0,1
Aragón,2020-04-24,24,20,0,0,4
Cataluña,2020-04-24,271,245,0,1,25
Castilla y León,2020-04-24,292,138,154,0,0
La Rioja,2020-04-24,4,3,1,0,0
Castilla La Mancha,2020-04-24,56,15,0,1,40
Murcia,2020-04-24,6,0,6,0,0
Navarra,2020-04-24,62,21,41,0,0
País Vasco,2020-04-24,97,85,0,0,12
C. Valenciana,2020-04-25,106,38,66,0,2
Ceuta,2020-04-25,1,1,0,0,0
Melilla,2020-04-25,1,1,0,0,0
Baleares,2020-04-25,11,10,1,0,0
Cantabria,2020-04-25,12,12,0,0,0
Madrid,2020-04-25,131,131,0,0,0
Castilla y León,2020-04-25,140,88,52,0,0
Cataluña,2020-04-25,173,162,0,1,10
Murcia,2020-04-25,3,2,1,0,0
Asturias,2020-04-25,3,3,0,0,0
Aragón,2020-04-25,33,19,0,0,14
Galicia,2020-04-25,36,25,10,0,1
Navarra,2020-04-25,39,21,18,0,0
Canarias,2020-04-25,4,4,0,0,0
País Vasco,2020-04-25,47,38,0,0,9
Castilla La Mancha,2020-04-25,52,14,2,0,36
La Rioja,2020-04-25,5,5,0,0,0
Andalucía,2020-04-25,57,24,33,0,0
Extremadura,2020-04-25,87,23,64,0,0
España,2020-04-25,941,621,247,1,72
Baleares,2020-04-26,0,0,0,0,0
Ceuta,2020-04-26,0,0,0,0,0
Melilla,2020-04-26,0,0,0,0,0
Castilla y León,2020-04-26,108,41,67,0,0
Madrid,2020-04-26,124,124,0,0,0
Navarra,2020-04-26,12,8,4,0,0
Cataluña,2020-04-26,139,133,0,0,6
Aragón,2020-04-26,21,16,0,0,5
Canarias,2020-04-26,2,2,0,0,0
Extremadura,2020-04-26,24,12,12,0,0
Galicia,2020-04-26,26,16,8,0,2
Andalucía,2020-04-26,36,15,21,0,0
C. Valenciana,2020-04-26,38,19,18,0,1
La Rioja,2020-04-26,4,2,2,0,0
País Vasco,2020-04-26,42,32,0,0,10
Cantabria,2020-04-26,4,4,0,0,0
Asturias,2020-04-26,5,5,0,0,0
Murcia,2020-04-26,6,3,3,0,0
España,2020-04-26,686,449,139,0,98
Castilla La Mancha,2020-04-26,95,17,4,0,74
Melilla,2020-04-27,0,0,0,0,0
Murcia,2020-04-27,1,0,1,0,0
Castilla La Mancha,2020-04-27,104,24,1,0,79
Ceuta,2020-04-27,1,1,0,0,0
Castilla y León,2020-04-27,132,44,88,0,0
Cataluña,2020-04-27,146,126,0,0,20
Madrid,2020-04-27,186,186,0,0,0
Extremadura,2020-04-27,20,10,10,0,0
Cantabria,2020-04-27,2,2,0,0,0
Navarra,2020-04-27,23,20,3,0,0
País Vasco,2020-04-27,31,29,0,0,2
Baleares,2020-04-27,3,3,0,0,0
Canarias,2020-04-27,3,3,0,0,0
La Rioja,2020-04-27,4,4,0,0,0
Andalucía,2020-04-27,46,16,29,1,0
C. Valenciana,2020-04-27,51,20,30,0,1
Asturias,2020-04-27,5,5,0,0,0
Galicia,2020-04-27,57,28,24,0,5
Aragón,2020-04-27,66,23,0,1,42
España,2020-04-27,881,544,186,2,149
Melilla,2020-04-28,0,0,0,0,0
Asturias,2020-04-28,10,10,0,0,0
La Rioja,2020-04-28,10,10,0,0,0
C. Valenciana,2020-04-28,120,37,82,0,1
Aragón,2020-04-28,127,29,0,1,97
Andalucía,2020-04-28,130,18,112,0,0
España,2020-04-28,1424,658,562,1,203
Cataluña,2020-04-28,159,152,0,0,7
Murcia,2020-04-28,16,0,16,0,0
Ceuta,2020-04-28,2,1,1,0,0
Madrid,2020-04-28,234,234,0,0,0
Extremadura,2020-04-28,26,5,21,0,0
Navarra,2020-04-28,32,13,19,0,0
Castilla y León,2020-04-28,323,64,259,0,0
Canarias,2020-04-28,4,1,0,0,3
País Vasco,2020-04-28,49,38,0,0,11
Baleares,2020-04-28,5,4,0,0,1
Cantabria,2020-04-28,5,5,0,0,0
Galicia,2020-04-28,80,20,51,0,9
Castilla La Mancha,2020-04-28,92,17,1,0,74
Murcia,2020-04-29,10,2,8,0,0
Melilla,2020-04-29,1,1,0,0,0
Galicia,2020-04-29,113,43,69,0,1
España,2020-04-29,1314,630,586,2,96
C. Valenciana,2020-04-29,138,34,103,0,1
Cataluña,2020-04-29,152,140,0,0,12
Andalucía,2020-04-29,162,32,130,0,0
Madrid,2020-04-29,214,214,0,0,0
Castilla y León,2020-04-29,244,47,197,0,0
Baleares,2020-04-29,3,2,1,0,0
Asturias,2020-04-29,3,3,0,0,0
Aragón,2020-04-29,39,23,0,0,16
País Vasco,2020-04-29,39,31,0,0,8
Canarias,2020-04-29,4,3,0,0,1
Ceuta,2020-04-29,4,4,0,0,0
Navarra,2020-04-29,50,18,32,0,0
Cantabria,2020-04-29,5,5,0,0,0
La Rioja,2020-04-29,5,5,0,0,0
Extremadura,2020-04-29,59,15,44,0,0
Castilla La Mancha,2020-04-29,69,8,2,2,57
Ceuta,2020-04-30,0,0,0,0,0
Asturias,2020-04-30,10,10,0,0,0
Melilla,2020-04-30,1,1,0,0,0
C. Valenciana,2020-04-30,114,19,94,0,1
Andalucía,2020-04-30,119,21,97,1,0
Cantabria,2020-04-30,12,12,0,0,0
España,2020-04-30,1275,605,555,2,113
Madrid,2020-04-30,174,174,0,0,0
Cataluña,2020-04-30,190,177,0,1,12
La Rioja,2020-04-30,2,2,0,0,0
Castilla y León,2020-04-30,235,67,168,0,0
Murcia,2020-04-30,25,1,24,0,0
País Vasco,2020-04-30,33,26,0,0,7
Aragón,2020-04-30,39,26,0,0,13
Canarias,2020-04-30,4,4,0,0,0
Baleares,2020-04-30,5,5,0,0,0
Navarra,2020-04-30,57,16,41,0,0
Castilla La Mancha,2020-04-30,73,7,0,0,66
Extremadura,2020-04-30,86,13,73,0,0
Galicia,2020-04-30,96,24,58,0,14
Melilla,2020-05-01,0,0,0,0,0
Andalucía,2020-05-01,100,16,84,0,0
Galicia,2020-05-01,108,19,80,0,9
Baleares,2020-05-01,10,8,2,0,0
Ceuta,2020-05-01,1,1,0,0,0
La Rioja,2020-05-01,1,1,0,0,0
España,2020-05-01,1289,597,652,4,36
Aragón,2020-05-01,15,15,0,0,0
Cantabria,2020-05-01,16,16,0,0,0
Cataluña,2020-05-01,165,155,0,1,9
Madrid,2020-05-01,193,193,0,0,0
Castilla La Mancha,2020-05-01,21,9,3,0,9
Asturias,2020-05-01,2,2,0,0,0
Castilla y León,2020-05-01,336,53,281,2,0
País Vasco,2020-05-01,40,31,0,0,9
Navarra,2020-05-01,72,21,51,0,0
Murcia,2020-05-01,8,1,7,0,0
C. Valenciana,2020-05-01,95,24,70,1,0
Extremadura,2020-05-01,97,23,74,0,0
Canarias,2020-05-01,9,9,0,0,0
Cantabria,2020-05-02,0,0,0,0,0
Melilla,2020-05-02,0,0,0,0,0
C. Valenciana,2020-05-02,110,31,76,0,3
España,2020-05-02,1200,547,610,1,42
Cataluña,2020-05-02,154,149,0,0,5
Madrid,2020-05-02,166,166,0,0,0
Castilla La Mancha,2020-05-02,16,6,4,0,6
Murcia,2020-05-02,17,1,16,0,0
La Rioja,2020-05-02,2,1,1,0,0
Aragón,2020-05-02,21,16,0,1,4
Ceuta,2020-05-02,2,2,0,0,0
Baleares,2020-05-02,3,1,2,0,0
Asturias,2020-05-02,3,3,0,0,0
Castilla y León,2020-05-02,344,58,286,0,0
País Vasco,2020-05-02,50,41,0,0,9
Canarias,2020-05-02,5,5,0,0,0
Extremadura,2020-05-02,58,13,45,0,0
Navarra,2020-05-02,70,16,54,0,0
Galicia,2020-05-02,84,23,46,0,15
Andalucía,2020-05-02,95,15,80,0,0
Canarias,2020-05-03,0,0,0,0,0
Ceuta,2020-05-03,0,0,0,0,0
Melilla,2020-05-03,0,0,0,0,0
Castilla y León,2020-05-03,113,58,55,0,0
Extremadura,2020-05-03,11,5,6,0,0
Cataluña,2020-05-03,139,130,0,0,9
Aragón,2020-05-03,18,16,0,2,0
La Rioja,2020-05-03,2,2,0,0,0
Navarra,2020-05-03,23,10,13,0,0
Andalucía,2020-05-03,27,8,19,0,0
Asturias,2020-05-03,3,3,0,0,0
Cantabria,2020-05-03,3,3,0,0,0
País Vasco,2020-05-03,35,28,0,0,7
Murcia,2020-05-03,4,1,3,0,0
Baleares,2020-05-03,4,3,1,0,0
Galicia,2020-05-03,45,9,36,0,0
C. Valenciana,2020-05-03,46,15,29,0,2
Castilla La Mancha,2020-05-03,47,5,2,0,40
España,2020-05-03,591,367,164,2,58
Madrid,2020-05-03,71,71,0,0,0
Ceuta,2020-05-04,0,0,0,0,0
Melilla,2020-05-04,0,0,0,0,0
Baleares,2020-05-04,1,1,0,0,0
Cantabria,2020-05-04,1,1,0,0,0
Cataluña,2020-05-04,123,113,0,1,9
País Vasco,2020-05-04,18,13,0,0,5
Extremadura,2020-05-04,20,12,8,0,0
Navarra,2020-05-04,20,13,7,0,0
Murcia,2020-05-04,2,1,1,0,0
Castilla La Mancha,2020-05-04,21,17,1,1,2
La Rioja,2020-05-04,2,2,0,0,0
C. Valenciana,2020-05-04,28,6,21,0,1
Canarias,2020-05-04,3,3,0,0,0
Aragón,2020-05-04,34,34,0,0,0
Asturias,2020-05-04,4,4,0,0,0
Andalucía,2020-05-04,49,18,31,0,0
España,2020-05-04,589,375,182,2,30
Galicia,2020-05-04,75,13,49,0,13
Castilla y León,2020-05-04,92,28,64,0,0
Madrid,2020-05-04,96,96,0,0,0
Ceuta,2020-05-05,0,0,0,0,0
La Rioja,2020-05-05,0,0,0,0,0
Melilla,2020-05-05,0,0,0,0,0
Castilla La Mancha,2020-05-05,11,11,0,0,0
Galicia,2020-05-05,133,7,107,0,19
C. Valenciana,2020-05-05,20,12,8,0,0
Murcia,2020-05-05,2,1,1,0,0
País Vasco,2020-05-05,21,19,0,0,2
Canarias,2020-05-05,2,2,0,0,0
Extremadura,2020-05-05,41,1,40,0,0
Castilla y León,2020-05-05,43,13,30,0,0
Aragón,2020-05-05,43,6,0,0,37
Asturias,2020-05-05,4,4,0,0,0
Baleares,2020-05-05,4,4,0,0,0
España,2020-05-05,533,215,247,5,66
Navarra,2020-05-05,5,5,0,0,0
Madrid,2020-05-05,59,58,0,0,1
Cantabria,2020-05-05,6,6,0,0,0
Cataluña,2020-05-05,66,54,0,5,7
Andalucía,2020-05-05,73,12,61,0,0
Canarias,2020-05-06,0,0,0,0,0
Cantabria,2020-05-06,0,0,0,0,0
La Rioja,2020-05-06,0,0,0,0,0
Melilla,2020-05-06,0,0,0,0,0
Castilla La Mancha,2020-05-06,10,10,0,0,0
Ceuta,2020-05-06,1,1,0,0,0
C. Valenciana,2020-05-06,15,12,2,0,1
Murcia,2020-05-06,2,2,0,0,0
País Vasco,2020-05-06,24,13,0,0,11
Andalucía,2020-05-06,25,2,23,0,0
Castilla y León,2020-05-06,28,13,15,0,0
España,2020-05-06,363,186,112,3,62
Extremadura,2020-05-06,36,5,31,0,0
Aragón,2020-05-06,43,6,0,1,36
Asturias,2020-05-06,4,4,0,0,0
Baleares,2020-05-06,4,4,0,0,0
Madrid,2020-05-06,50,50,0,0,0
Cataluña,2020-05-06,52,42,0,1,9
Galicia,2020-05-06,60,15,39,1,5
Navarra,2020-05-06,9,7,2,0,0
Cantabria,2020-05-07,0,0,0,0,0
Melilla,2020-05-07,0,0,0,0,0
Canarias,2020-05-07,1,1,0,0,0
Ceuta,2020-05-07,1,1,0,0,0
La Rioja,2020-05-07,1,1,0,0,0
C. Valenciana,2020-05-07,13,4,9,0,0
Castilla La Mancha,2020-05-07,14,13,0,1,0
Baleares,2020-05-07,2,2,0,0,0
Murcia,2020-05-07,2,2,0,0,0
Navarra,2020-05-07,2,2,0,0,0
País Vasco,2020-05-07,23,12,0,0,11
Andalucía,2020-05-07,25,3,21,1,0
Castilla y León,2020-05-07,30,21,9,0,0
Asturias,2020-05-07,3,3,0,0,0
Aragón,2020-05-07,33,19,0,0,14
España,2020-05-07,377,219,118,2,38
Galicia,2020-05-07,50,10,30,0,10
Extremadura,2020-05-07,50,2,48,0,0
Cataluña,2020-05-07,63,60,0,0,3
Madrid,2020-05-07,64,63,1,0,0
