ccaa_iso,fecha,num_casos,num_casos_prueba_pcr,num_casos_prueba_test_ac,num_casos_prueba_otras,num_casos_prueba_desconocida
AN,2020-05-08,0,0,0,0,0
AR,2020-05-08,0,0,0,0,0
AS,2020-05-08,0,0,0,0,0
CB,2020-05-08,0,0,0,0,0
CE,2020-05-08,0,0,0,0,0
CL,2020-05-08,0,0,0,0,0
CM,2020-05-08,0,0,0,0,0
CN,2020-05-08,0,0,0,0,0
CT,2020-05-08,2,1,0,1,0
EX,2020-05-08,0,0,0,0,0
GA,2020-05-08,0,0,0,0,0
IB,2020-05-08,0,0,0,0,0
MC,2020-05-08,0,0,0,0,0
MD,2020-05-08,13,13,0,0,0
ML,2020-05-08,0,0,0,0,0
NC,2020-05-08,0,0,0,0,0
PV,2020-05-08,0,0,0,0,0
RI,2020-05-08,0,0,0,0,0
VC,2020-05-08,0,0,0,0,0
AN,2020-05-09,0,0,0,0,0
AR,2020-05-09,0,0,0,0,0
AS,2020-05-09,0,0,0,0,0
CB,2020-05-09,2,2,0,0,0
CE,2020-05-09,0,0,0,0,0
CL,2020-05-09,0,0,0,0,0
CM,2020-05-09,0,0,0,0,0
CN,2020-05-09,0,0,0,0,0
CT,2020-05-09,2,2,0,0,0
EX,2020-05-09,0,0,0,0,0
GA,2020-05-09,0,0,0,0,0
IB,2020-05-09,0,0,0,0,0
MC,2020-05-09,0,0,0,0,0
MD,2020-05-09,18,18,0,0,0
ML,2020-05-09,0,0,0,0,0
NC,2020-05-09,0,0,0,0,0
PV,2020-05-09,0,0,0,0,0
RI,2020-05-09,0,0,0,0,0
VC,2020-05-09,0,0,0,0,0
AN,2020-05-10,0,0,0,0,0
AR,2020-05-10,0,0,0,0,0
AS,2020-05-10,0,0,0,0,0
CB,2020-05-10,0,0,0,0,0
CE,2020-05-10,0,0,0,0,0
CL,2020-05-10,0,0,0,0,0
CM,2020-05-10,0,0,0,0,0
CN,2020-05-10,0,0,0,0,0
CT,2020-05-10,15,15,0,0,0
EX,2020-05-10,0,0,0,0,0
GA,2020-05-10,0,0,0,0,0
IB,2020-05-10,0,0,0,0,0
MC,2020-05-10,0,0,0,0,0
MD,2020-05-10,19,19,0,0,0
ML,2020-05-10,0,0,0,0,0
NC,2020-05-10,0,0,0,0,0
PV,2020-05-10,0,0,0,0,0
RI,2020-05-10,0,0,0,0,0
VC,2020-05-10,0,0,0,0,0
AN,2020-05-11,17,17,0,0,0
AR,2020-05-11,6,5,0,1,0
AS,2020-05-11,4,4,0,0,0
CB,2020-05-11,10,9,1,0,0
CE,2020-05-11,1,1,0,0,0
CL,2020-05-11,27,27,0,0,0
CM,2020-05-11,29,25,0,4,0
CN,2020-05-11,3,3,0,0,0
CT,2020-05-11,117,87,0,30,0
EX,2020-05-11,5,5,0,0,0
GA,2020-05-11,9,9,0,0,0
IB,2020-05-11,8,8,0,0,0
MC,2020-05-11,2,2,0,0,0
MD,2020-05-11,174,173,0,1,0
ML,2020-05-11,0,0,0,0,0
NC,2020-05-11,11,11,0,0,0
PV,2020-05-11,23,23,0,0,0
RI,2020-05-11,4,4,0,0,0
VC,2020-05-11,20,20,0,0,0
AN,2020-05-12,19,19,0,0,0
AR,2020-05-12,17,17,0,0,0
AS,2020-05-12,0,0,0,0,0
CB,2020-05-12,8,7,1,0,0
CE,2020-05-12,2,2,0,0,0
CL,2020-05-12,32,30,0,2,0
CM,2020-05-12,31,28,0,3,0
CN,2020-05-12,4,4,0,0,0
CT,2020-05-12,118,91,0,27,0
EX,2020-05-12,9,7,0,2,0
GA,2020-05-12,16,15,0,1,0
IB,2020-05-12,7,7,0,0,0
MC,2020-05-12,3,3,0,0,0
MD,2020-05-12,153,153,0,0,0
ML,2020-05-12,0,0,0,0,0
NC,2020-05-12,2,2,0,0,0
PV,2020-05-12,16,16,0,0,0
RI,2020-05-12,3,3,0,0,0
VC,2020-05-12,18,18,0,0,0
AN,2020-05-13,14,14,0,0,0
AR,2020-05-13,21,21,0,0,0
AS,2020-05-13,1,1,0,0,0
CB,2020-05-13,2,2,0,0,0
CE,2020-05-13,0,0,0,0,0
CL,2020-05-13,54,53,0,1,0
CM,2020-05-13,36,34,0,2,0
CN,2020-05-13,5,5,0,0,0
CT,2020-05-13,143,109,0,34,0
EX,2020-05-13,7,6,0,1,0
GA,2020-05-13,9,9,0,0,0
IB,2020-05-13,10,10,0,0,0
MC,2020-05-13,5,5,0,0,0
MD,2020-05-13,141,141,0,0,0
ML,2020-05-13,0,0,0,0,0
NC,2020-05-13,9,9,0,0,0
PV,2020-05-13,22,22,0,0,0
RI,2020-05-13,5,5,0,0,0
VC,2020-05-13,11,11,0,0,0
AN,2020-05-14,10,10,0,0,0
AR,2020-05-14,21,21,0,0,0
AS,2020-05-14,2,2,0,0,0
CB,2020-05-14,2,2,0,0,0
CE,2020-05-14,0,0,0,0,0
CL,2020-05-14,39,38,0,1,0
CM,2020-05-14,27,25,0,2,0
CN,2020-05-14,2,2,0,0,0
CT,2020-05-14,144,98,0,46,0
EX,2020-05-14,1,1,0,0,0
GA,2020-05-14,5,5,0,0,0
IB,2020-05-14,7,7,0,0,0
MC,2020-05-14,2,2,0,0,0
MD,2020-05-14,153,153,0,0,0
ML,2020-05-14,0,0,0,0,0
NC,2020-05-14,18,18,0,0,0
PV,2020-05-14,10,10,0,0,0
RI,2020-05-14,5,5,0,0,0
VC,2020-05-14,19,19,0,0,0
AN,2020-05-15,12,12,0,0,0
AR,2020-05-15,16,16,0,0,0
AS,2020-05-15,4,4,0,0,0
CB,2020-05-15,2,2,0,0,0
CE,2020-05-15,0,0,0,0,0
CL,2020-05-15,35,33,0,2,0
CM,2020-05-15,34,32,0,2,0
CN,2020-05-15,3,3,0,0,0
CT,2020-05-15,202,162,0,40,0
EX,2020-05-15,1,1,0,0,0
GA,2020-05-15,8,7,0,1,0
IB,2020-05-15,16,15,1,0,0
MC,2020-05-15,0,0,0,0,0
MD,2020-05-15,121,121,0,0,0
ML,2020-05-15,0,0,0,0,0
NC,2020-05-15,11,11,0,0,0
PV,2020-05-15,11,11,0,0,0
RI,2020-05-15,3,3,0,0,0
VC,2020-05-15,13,13,0,0,0
AN,2020-05-16,4,3,0,1,0
AR,2020-05-16,8,7,0,0,1
AS,2020-05-16,1,1,0,0,0
CB,2020-05-16,4,4,0,0,0
CE,2020-05-16,1,1,0,0,0
CL,2020-05-16,29,28,0,1,0
CM,2020-05-16,27,25,0,2,0
CN,2020-05-16,6,6,0,0,0
CT,2020-05-16,103,103,0,0,0
EX,2020-05-16,1,1,0,0,0
GA,2020-05-16,3,3,0,0,0
IB,2020-05-16,0,0,0,0,0
MC,2020-05-16,1,1,0,0,0
MD,2020-05-16,49,49,0,0,0
ML,2020-05-16,0,0,0,0,0
NC,2020-05-16,4,4,0,0,0
PV,2020-05-16,7,7,0,0,0
RI,2020-05-16,2,2,0,0,0
VC,2020-05-16,8,8,0,0,0
AN,2020-05-17,4,4,0,0,0
AR,2020-05-17,8,8,0,0,0
AS,2020-05-17,3,3,0,0,0
CB,2020-05-17,0,0,0,0,0
CE,2020-05-17,0,0,0,0,0
CL,2020-05-17,5,5,0,0,0
CM,2020-05-17,13,10,0,3,0
CN,2020-05-17,1,1,0,0,0
CT,2020-05-17,84,84,0,0,0
EX,2020-05-17,2,2,0,0,0
GA,2020-05-17,2,2,0,0,0
IB,2020-05-17,5,5,0,0,0
MC,2020-05-17,1,1,0,0,0
MD,2020-05-17,69,69,0,0,0
ML,2020-05-17,0,0,0,0,0
NC,2020-05-17,20,20,0,0,0
PV,2020-05-17,6,6,0,0,0
RI,2020-05-17,0,0,0,0,0
VC,2020-05-17,7,7,0,0,0
AN,2020-05-18,11,11,0,0,0
AR,2020-05-18,20,17,0,0,3
AS,2020-05-18,0,0,0,0,0
CB,2020-05-18,3,3,0,0,0
CE,2020-05-18,2,2,0,0,0
CL,2020-05-18,32,32,0,0,0
CM,2020-05-18,29,25,0,4,0
CN,2020-05-18,4,4,0,0,0
CT,2020-05-18,183,146,0,36,1
EX,2020-05-18,3,3,0,0,0
GA,2020-05-18,6,6,0,0,0
IB,2020-05-18,5,5,0,0,0
MC,2020-05-18,2,2,0,0,0
MD,2020-05-18,131,131,0,0,0
ML,2020-05-18,1,1,0,0,0
NC,2020-05-18,6,6,0,0,0
PV,2020-05-18,13,13,0,0,0
RI,2020-05-18,5,5,0,0,0
VC,2020-05-18,10,10,0,0,0
AN,2020-05-19,11,11,0,0,0
AR,2020-05-19,23,23,0,0,0
AS,2020-05-19,0,0,0,0,0
CB,2020-05-19,2,2,0,0,0
CE,2020-05-19,3,3,0,0,0
CL,2020-05-19,33,33,0,0,0
CM,2020-05-19,33,28,0,5,0
CN,2020-05-19,7,7,0,0,0
CT,2020-05-19,201,151,0,50,0
EX,2020-05-19,2,2,0,0,0
GA,2020-05-19,7,7,0,0,0
IB,2020-05-19,12,12,0,0,0
MC,2020-05-19,2,2,0,0,0
MD,2020-05-19,150,150,0,0,0
ML,2020-05-19,0,0,0,0,0
NC,2020-05-19,9,9,0,0,0
PV,2020-05-19,10,10,0,0,0
RI,2020-05-19,3,3,0,0,0
VC,2020-05-19,12,12,0,0,0
AN,2020-05-20,13,13,0,0,0
AR,2020-05-20,14,13,0,1,0
AS,2020-05-20,1,1,0,0,0
CB,2020-05-20,0,0,0,0,0
CE,2020-05-20,1,1,0,0,0
CL,2020-05-20,27,26,0,1,0
CM,2020-05-20,26,26,0,0,0
CN,2020-05-20,4,4,0,0,0
CT,2020-05-20,173,122,0,51,0
EX,2020-05-20,3,3,0,0,0
GA,2020-05-20,6,6,0,0,0
IB,2020-05-20,6,6,0,0,0
MC,2020-05-20,0,0,0,0,0
MD,2020-05-20,115,115,0,0,0
ML,2020-05-20,0,0,0,0,0
NC,2020-05-20,4,4,0,0,0
PV,2020-05-20,8,8,0,0,0
RI,2020-05-20,1,1,0,0,0
VC,2020-05-20,14,14,0,0,0
AN,2020-05-21,9,9,0,0,0
AR,2020-05-21,11,11,0,0,0
AS,2020-05-21,1,1,0,0,0
CB,2020-05-21,3,3,0,0,0
CE,2020-05-21,1,1,0,0,0
CL,2020-05-21,38,37,0,1,0
CM,2020-05-21,19,17,0,2,0
CN,2020-05-21,5,5,0,0,0
CT,2020-05-21,212,144,0,68,0
EX,2020-05-21,2,2,0,0,0
GA,2020-05-21,12,12,0,0,0
IB,2020-05-21,5,5,0,0,0
MC,2020-05-21,1,1,0,0,0
MD,2020-05-21,112,112,0,0,0
ML,2020-05-21,0,0,0,0,0
NC,2020-05-21,3,3,0,0,0
PV,2020-05-21,9,9,0,0,0
RI,2020-05-21,2,1,0,0,1
VC,2020-05-21,8,8,0,0,0
AN,2020-05-22,5,5,0,0,0
AR,2020-05-22,14,13,0,0,1
AS,2020-05-22,1,1,0,0,0
CB,2020-05-22,1,1,0,0,0
CE,2020-05-22,0,0,0,0,0
CL,2020-05-22,39,39,0,0,0
CM,2020-05-22,41,37,0,4,0
CN,2020-05-22,3,3,0,0,0
CT,2020-05-22,271,200,0,70,1
EX,2020-05-22,4,3,0,1,0
GA,2020-05-22,3,3,0,0,0
IB,2020-05-22,3,3,0,0,0
MC,2020-05-22,1,1,0,0,0
MD,2020-05-22,91,91,0,0,0
ML,2020-05-22,0,0,0,0,0
NC,2020-05-22,6,6,0,0,0
PV,2020-05-22,6,6,0,0,0
RI,2020-05-22,0,0,0,0,0
VC,2020-05-22,16,16,0,0,0
AN,2020-05-23,7,7,0,0,0
AR,2020-05-23,11,11,0,0,0
AS,2020-05-23,1,1,0,0,0
CB,2020-05-23,2,2,0,0,0
CE,2020-05-23,5,5,0,0,0
CL,2020-05-23,16,16,0,0,0
CM,2020-05-23,31,26,0,5,0
CN,2020-05-23,1,1,0,0,0
CT,2020-05-23,117,115,0,2,0
EX,2020-05-23,0,0,0,0,0
GA,2020-05-23,8,8,0,0,0
IB,2020-05-23,2,2,0,0,0
MC,2020-05-23,2,2,0,0,0
MD,2020-05-23,56,56,0,0,0
ML,2020-05-23,0,0,0,0,0
NC,2020-05-23,12,12,0,0,0
PV,2020-05-23,6,6,0,0,0
RI,2020-05-23,2,2,0,0,0
VC,2020-05-23,8,8,0,0,0
AN,2020-05-24,3,3,0,0,0
AR,2020-05-24,7,6,0,0,1
AS,2020-05-24,2,2,0,0,0
CB,2020-05-24,2,2,0,0,0
CE,2020-05-24,2,2,0,0,0
CL,2020-05-24,12,12,0,0,0
CM,2020-05-24,17,14,0,3,0
CN,2020-05-24,2,2,0,0,0
CT,2020-05-24,129,129,0,0,0
EX,2020-05-24,0,0,0,0,0
GA,2020-05-24,5,5,0,0,0
IB,2020-05-24,1,1,0,0,0
MC,2020-05-24,0,0,0,0,0
MD,2020-05-24,42,42,0,0,0
ML,2020-05-24,0,0,0,0,0
NC,2020-05-24,2,2,0,0,0
PV,2020-05-24,2,2,0,0,0
RI,2020-05-24,0,0,0,0,0
VC,2020-05-24,9,9,0,0,0
AN,2020-05-25,8,8,0,0,0
AR,2020-05-25,12,12,0,0,0
AS,2020-05-25,1,1,0,0,0
CB,2020-05-25,1,1,0,0,0
CE,2020-05-25,5,5,0,0,0
CL,2020-05-25,36,34,1,1,0
CM,2020-05-25,35,34,0,1,0
CN,2020-05-25,4,4,0,0,0
CT,2020-05-25,223,160,0,63,0
EX,2020-05-25,5,5,0,0,0
GA,2020-05-25,4,4,0,0,0
IB,2020-05-25,3,3,0,0,0
MC,2020-05-25,1,1,0,0,0
MD,2020-05-25,130,130,0,0,0
ML,2020-05-25,0,0,0,0,0
NC,2020-05-25,5,5,0,0,0
PV,2020-05-25,6,6,0,0,0
RI,2020-05-25,4,3,0,0,1
VC,2020-05-25,5,5,0,0,0
AN,2020-05-26,8,8,0,0,0
AR,2020-05-26,12,12,0,0,0
AS,2020-05-26,2,2,0,0,0
CB,2020-05-26,4,4,0,0,0
CE,2020-05-26,1,1,0,0,0
CL,2020-05-26,45,45,0,0,0
CM,2020-05-26,34,30,0,4,0
CN,2020-05-26,3,3,0,0,0
CT,2020-05-26,201,141,0,59,1
EX,2020-05-26,2,2,0,0,0
GA,2020-05-26,2,2,0,0,0
IB,2020-05-26,4,4,0,0,0
MC,2020-05-26,0,0,0,0,0
MD,2020-05-26,152,152,0,0,0
ML,2020-05-26,0,0,0,0,0
NC,2020-05-26,4,4,0,0,0
PV,2020-05-26,8,8,0,0,0
RI,2020-05-26,0,0,0,0,0
VC,2020-05-26,13,13,0,0,0
AN,2020-05-27,11,11,0,0,0
AR,2020-05-27,14,14,0,0,0
AS,2020-05-27,0,0,0,0,0
CB,2020-05-27,2,2,0,0,0
CE,2020-05-27,2,2,0,0,0
CL,2020-05-27,26,26,0,0,0
CM,2020-05-27,38,37,0,1,0
CN,2020-05-27,2,2,0,0,0
CT,2020-05-27,150,107,0,43,0
EX,2020-05-27,1,1,0,0,0
GA,2020-05-27,1,1,0,0,0
IB,2020-05-27,3,3,0,0,0
MC,2020-05-27,4,4,0,0,0
MD,2020-05-27,83,83,0,0,0
ML,2020-05-27,0,0,0,0,0
NC,2020-05-27,11,11,0,0,0
PV,2020-05-27,2,2,0,0,0
RI,2020-05-27,1,1,0,0,0
VC,2020-05-27,16,16,0,0,0
AN,2020-05-28,7,7,0,0,0
AR,2020-05-28,9,9,0,0,0
AS,2020-05-28,0,0,0,0,0
CB,2020-05-28,1,1,0,0,0
CE,2020-05-28,5,5,0,0,0
CL,2020-05-28,44,44,0,0,0
CM,2020-05-28,36,34,0,2,0
CN,2020-05-28,7,7,0,0,0
CT,2020-05-28,204,143,0,61,0
EX,2020-05-28,0,0,0,0,0
GA,2020-05-28,2,2,0,0,0
IB,2020-05-28,14,13,1,0,0
MC,2020-05-28,2,2,0,0,0
MD,2020-05-28,121,121,0,0,0
ML,2020-05-28,0,0,0,0,0
NC,2020-05-28,9,9,0,0,0
PV,2020-05-28,4,4,0,0,0
RI,2020-05-28,1,1,0,0,0
VC,2020-05-28,9,9,0,0,0
AN,2020-05-29,12,12,0,0,0
AR,2020-05-29,13,11,0,0,2
AS,2020-05-29,13,13,0,0,0
CB,2020-05-29,3,3,0,0,0
CE,2020-05-29,2,2,0,0,0
CL,2020-05-29,46,45,0,1,0
CM,2020-05-29,31,31,0,0,0
CN,2020-05-29,7,7,0,0,0
CT,2020-05-29,176,133,0,43,0
EX,2020-05-29,3,3,0,0,0
GA,2020-05-29,4,4,0,0,0
IB,2020-05-29,5,4,1,0,0
MC,2020-05-29,1,1,0,0,0
MD,2020-05-29,112,112,0,0,0
ML,2020-05-29,0,0,0,0,0
NC,2020-05-29,5,5,0,0,0
PV,2020-05-29,2,2,0,0,0
RI,2020-05-29,2,2,0,0,0
VC,2020-05-29,8,8,0,0,0
AN,2020-05-30,13,13,0,0,0
AR,2020-05-30,5,5,0,0,0
AS,2020-05-30,4,4,0,0,0
CB,2020-05-30,2,2,0,0,0
CE,2020-05-30,3,3,0,0,0
CL,2020-05-30,37,37,0,0,0
CM,2020-05-30,25,23,0,2,0
CN,2020-05-30,2,2,0,0,0
CT,2020-05-30,93,90,0,3,0
EX,2020-05-30,2,2,0,0,0
GA,2020-05-30,0,0,0,0,0
IB,2020-05-30,1,1,0,0,0
MC,2020-05-30,1,1,0,0,0
MD,2020-05-30,55,55,0,0,0
ML,2020-05-30,0,0,0,0,0
NC,2020-05-30,7,7,0,0,0
PV,2020-05-30,3,3,0,0,0
RI,2020-05-30,1,1,0,0,0
VC,2020-05-30,5,5,0,0,0
AN,2020-05-31,9,9,0,0,0
AR,2020-05-31,8,8,0,0,0
AS,2020-05-31,3,3,0,0,0
CB,2020-05-31,1,1,0,0,0
CE,2020-05-31,1,1,0,0,0
CL,2020-05-31,19,19,0,0,0
CM,2020-05-31,12,10,0,2,0
CN,2020-05-31,1,1,0,0,0
CT,2020-05-31,47,47,0,0,0
EX,2020-05-31,1,1,0,0,0
GA,2020-05-31,1,1,0,0,0
IB,2020-05-31,2,2,0,0,0
MC,2020-05-31,0,0,0,0,0
MD,2020-05-31,67,67,0,0,0
ML,2020-05-31,0,0,0,0,0
NC,2020-05-31,3,3,0,0,0
PV,2020-05-31,0,0,0,0,0
RI,2020-05-31,0,0,0,0,0
VC,2020-05-31,7,7,0,0,0
AN,2020-06-01,19,19,0,0,0
AR,2020-06-01,9,8,0,0,1
AS,2020-06-01,0,0,0,0,0
CB,2020-06-01,4,4,0,0,0
CE,2020-06-01,4,4,0,0,0
CL,2020-06-01,28,28,0,0,0
CM,2020-06-01,23,22,0,1,0
CN,2020-06-01,4,4,0,0,0
CT,2020-06-01,86,81,0,5,0
EX,2020-06-01,3,3,0,0,0
GA,2020-06-01,1,1,0,0,0
IB,2020-06-01,4,3,1,0,0
MC,2020-06-01,4,4,0,0,0
MD,2020-06-01,145,145,0,0,0
ML,2020-06-01,1,1,0,0,0
NC,2020-06-01,1,1,0,0,0
PV,2020-06-01,7,7,0,0,0
RI,2020-06-01,3,3,0,0,0
VC,2020-06-01,14,14,0,0,0
AN,2020-06-02,6,6,0,0,0
AR,2020-06-02,17,17,0,0,0
AS,2020-06-02,0,0,0,0,0
CB,2020-06-02,2,2,0,0,0
CE,2020-06-02,2,2,0,0,0
CL,2020-06-02,19,19,0,0,0
CM,2020-06-02,29,18,0,11,0
CN,2020-06-02,4,4,0,0,0
CT,2020-06-02,105,90,0,15,0
EX,2020-06-02,5,4,0,1,0
GA,2020-06-02,1,1,0,0,0
IB,2020-06-02,7,7,0,0,0
MC,2020-06-02,2,2,0,0,0
MD,2020-06-02,110,110,0,0,0
ML,2020-06-02,0,0,0,0,0
NC,2020-06-02,3,3,0,0,0
PV,2020-06-02,11,11,0,0,0
RI,2020-06-02,1,1,0,0,0
VC,2020-06-02,19,19,0,0,0
AN,2020-06-03,15,15,0,0,0
AR,2020-06-03,7,7,0,0,0
AS,2020-06-03,1,1,0,0,0
CB,2020-06-03,0,0,0,0,0
CE,2020-06-03,4,4,0,0,0
CL,2020-06-03,27,27,0,0,0
CM,2020-06-03,40,39,0,1,0
CN,2020-06-03,4,4,0,0,0
CT,2020-06-03,123,98,0,25,0
EX,2020-06-03,0,0,0,0,0
GA,2020-06-03,1,1,0,0,0
IB,2020-06-03,3,3,0,0,0
MC,2020-06-03,2,2,0,0,0
MD,2020-06-03,141,141,0,0,0
ML,2020-06-03,0,0,0,0,0
NC,2020-06-03,6,6,0,0,0
PV,2020-06-03,7,7,0,0,0
RI,2020-06-03,2,2,0,0,0
VC,2020-06-03,11,11,0,0,0
AN,2020-06-04,5,5,0,0,0
AR,2020-06-04,9,9,0,0,0
AS,2020-06-04,0,0,0,0,0
CB,2020-06-04,1,1,0,0,0
CE,2020-06-04,0,0,0,0,0
CL,2020-06-04,27,25,0,2,0
CM,2020-06-04,36,30,0,6,0
CN,2020-06-04,1,1,0,0,0
CT,2020-06-04,126,93,0,33,0
EX,2020-06-04,3,3,0,0,0
GA,2020-06-04,2,2,0,0,0
IB,2020-06-04,6,6,0,0,0
MC,2020-06-04,2,2,0,0,0
MD,2020-06-04,100,100,0,0,0
ML,2020-06-04,0,0,0,0,0
NC,2020-06-04,7,7,0,0,0
PV,2020-06-04,6,6,0,0,0
RI,2020-06-04,2,2,0,0,0
VC,2020-06-04,9,9,0,0,0
AN,2020-06-05,12,12,0,0,0
AR,2020-06-05,6,6,0,0,0
AS,2020-06-05,2,2,0,0,0
CB,2020-06-05,2,2,0,0,0
CE,2020-06-05,0,0,0,0,0
CL,2020-06-05,35,35,0,0,0
CM,2020-06-05,33,32,0,1,0
CN,2020-06-05,1,1,0,0,0
CT,2020-06-05,171,148,0,23,0
EX,2020-06-05,0,0,0,0,0
GA,2020-06-05,4,4,0,0,0
IB,2020-06-05,1,1,0,0,0
MC,2020-06-05,1,1,0,0,0
MD,2020-06-05,123,123,0,0,0
ML,2020-06-05,0,0,0,0,0
NC,2020-06-05,6,6,0,0,0
PV,2020-06-05,9,9,0,0,0
RI,2020-06-05,2,2,0,0,0
VC,2020-06-05,8,8,0,0,0
AN,2020-06-06,5,5,0,0,0
AR,2020-06-06,6,6,0,0,0
AS,2020-06-06,2,2,0,0,0
CB,2020-06-06,0,0,0,0,0
CE,2020-06-06,0,0,0,0,0
CL,2020-06-06,11,11,0,0,0
CM,2020-06-06,14,14,0,0,0
CN,2020-06-06,4,4,0,0,0
CT,2020-06-06,62,62,0,0,0
EX,2020-06-06,0,0,0,0,0
GA,2020-06-06,1,1,0,0,0
IB,2020-06-06,2,2,0,0,0
MC,2020-06-06,3,3,0,0,0
MD,2020-06-06,65,65,0,0,0
ML,2020-06-06,0,0,0,0,0
NC,2020-06-06,1,1,0,0,0
PV,2020-06-06,7,7,0,0,0
RI,2020-06-06,2,2,0,0,0
VC,2020-06-06,8,8,0,0,0
AN,2020-06-07,2,2,0,0,0
AR,2020-06-07,4,4,0,0,0
AS,2020-06-07,1,1,0,0,0
CB,2020-06-07,3,3,0,0,0
CE,2020-06-07,0,0,0,0,0
CL,2020-06-07,12,12,0,0,0
CM,2020-06-07,12,12,0,0,0
CN,2020-06-07,1,1,0,0,0
CT,2020-06-07,54,51,0,2,1
EX,2020-06-07,0,0,0,0,0
GA,2020-06-07,1,1,0,0,0
IB,2020-06-07,3,3,0,0,0
MC,2020-06-07,0,0,0,0,0
MD,2020-06-07,44,44,0,0,0
ML,2020-06-07,0,0,0,0,0
NC,2020-06-07,2,2,0,0,0
PV,2020-06-07,12,12,0,0,0
RI,2020-06-07,1,1,0,0,0
VC,2020-06-07,7,7,0,0,0
AN,2020-06-08,6,6,0,0,0
AR,2020-06-08,6,6,0,0,0
AS,2020-06-08,0,0,0,0,0
CB,2020-06-08,1,1,0,0,0
CE,2020-06-08,0,0,0,0,0
CL,2020-06-08,35,35,0,0,0
CM,2020-06-08,27,27,0,0,0
CN,2020-06-08,2,2,0,0,0
CT,2020-06-08,111,96,0,15,0
EX,2020-06-08,1,1,0,0,0
GA,2020-06-08,4,4,0,0,0
IB,2020-06-08,2,2,0,0,0
MC,2020-06-08,2,2,0,0,0
MD,2020-06-08,114,114,0,0,0
ML,2020-06-08,0,0,0,0,0
NC,2020-06-08,0,0,0,0,0
PV,2020-06-08,12,12,0,0,0
RI,2020-06-08,0,0,0,0,0
VC,2020-06-08,5,5,0,0,0
AN,2020-06-09,7,7,0,0,0
AR,2020-06-09,12,12,0,0,0
AS,2020-06-09,0,0,0,0,0
CB,2020-06-09,0,0,0,0,0
CE,2020-06-09,0,0,0,0,0
CL,2020-06-09,26,25,0,1,0
CM,2020-06-09,21,21,0,0,0
CN,2020-06-09,2,2,0,0,0
CT,2020-06-09,87,56,0,31,0
EX,2020-06-09,2,2,0,0,0
GA,2020-06-09,1,1,0,0,0
IB,2020-06-09,1,1,0,0,0
MC,2020-06-09,2,2,0,0,0
MD,2020-06-09,95,95,0,0,0
ML,2020-06-09,1,1,0,0,0
NC,2020-06-09,5,5,0,0,0
PV,2020-06-09,11,11,0,0,0
RI,2020-06-09,1,1,0,0,0
VC,2020-06-09,8,8,0,0,0
AN,2020-06-10,6,6,0,0,0
AR,2020-06-10,2,2,0,0,0
AS,2020-06-10,0,0,0,0,0
CB,2020-06-10,1,0,1,0,0
CE,2020-06-10,0,0,0,0,0
CL,2020-06-10,17,16,0,1,0
CM,2020-06-10,19,18,0,1,0
CN,2020-06-10,1,1,0,0,0
CT,2020-06-10,123,77,0,46,0
EX,2020-06-10,1,1,0,0,0
GA,2020-06-10,1,1,0,0,0
IB,2020-06-10,3,3,0,0,0
MC,2020-06-10,1,1,0,0,0
MD,2020-06-10,108,108,0,0,0
ML,2020-06-10,0,0,0,0,0
NC,2020-06-10,4,4,0,0,0
PV,2020-06-10,7,7,0,0,0
RI,2020-06-10,0,0,0,0,0
VC,2020-06-10,4,4,0,0,0
AN,2020-06-11,3,3,0,0,0
AR,2020-06-11,6,6,0,0,0
AS,2020-06-11,3,3,0,0,0
CB,2020-06-11,3,3,0,0,0
CE,2020-06-11,0,0,0,0,0
CL,2020-06-11,17,17,0,0,0
CM,2020-06-11,7,7,0,0,0
CN,2020-06-11,2,2,0,0,0
CT,2020-06-11,107,67,0,40,0
EX,2020-06-11,0,0,0,0,0
GA,2020-06-11,2,2,0,0,0
IB,2020-06-11,4,4,0,0,0
MC,2020-06-11,0,0,0,0,0
MD,2020-06-11,85,85,0,0,0
ML,2020-06-11,0,0,0,0,0
NC,2020-06-11,1,1,0,0,0
PV,2020-06-11,10,10,0,0,0
RI,2020-06-11,1,1,0,0,0
VC,2020-06-11,11,11,0,0,0
AN,2020-06-12,4,4,0,0,0
AR,2020-06-12,4,4,0,0,0
AS,2020-06-12,0,0,0,0,0
CB,2020-06-12,2,2,0,0,0
CE,2020-06-12,0,0,0,0,0
CL,2020-06-12,21,20,0,1,0
CM,2020-06-12,21,20,0,1,0
CN,2020-06-12,3,3,0,0,0
CT,2020-06-12,107,82,0,25,0
EX,2020-06-12,1,1,0,0,0
GA,2020-06-12,2,2,0,0,0
IB,2020-06-12,6,6,0,0,0
MC,2020-06-12,0,0,0,0,0
MD,2020-06-12,114,114,0,0,0
ML,2020-06-12,0,0,0,0,0
NC,2020-06-12,1,1,0,0,0
PV,2020-06-12,17,17,0,0,0
RI,2020-06-12,0,0,0,0,0
VC,2020-06-12,11,11,0,0,0
AN,2020-06-13,4,4,0,0,0
AR,2020-06-13,4,3,0,0,1
AS,2020-06-13,0,0,0,0,0
CB,2020-06-13,1,1,0,0,0
CE,2020-06-13,0,0,0,0,0
CL,2020-06-13,11,10,0,1,0
CM,2020-06-13,8,8,0,0,0
CN,2020-06-13,2,2,0,0,0
CT,2020-06-13,37,34,0,3,0
EX,2020-06-13,1,1,0,0,0
GA,2020-06-13,0,0,0,0,0
IB,2020-06-13,2,2,0,0,0
MC,2020-06-13,1,1,0,0,0
MD,2020-06-13,24,24,0,0,0
ML,2020-06-13,0,0,0,0,0
NC,2020-06-13,1,1,0,0,0
PV,2020-06-13,8,8,0,0,0
RI,2020-06-13,2,2,0,0,0
VC,2020-06-13,3,3,0,0,0
AN,2020-06-14,4,4,0,0,0
AR,2020-06-14,3,2,0,1,0
AS,2020-06-14,0,0,0,0,0
CB,2020-06-14,2,2,0,0,0
CE,2020-06-14,0,0,0,0,0
CL,2020-06-14,7,5,0,2,0
CM,2020-06-14,9,9,0,0,0
CN,2020-06-14,1,1,0,0,0
CT,2020-06-14,43,42,0,1,0
EX,2020-06-14,0,0,0,0,0
GA,2020-06-14,1,1,0,0,0
IB,2020-06-14,4,4,0,0,0
MC,2020-06-14,3,3,0,0,0
MD,2020-06-14,34,34,0,0,0
ML,2020-06-14,0,0,0,0,0
NC,2020-06-14,2,2,0,0,0
PV,2020-06-14,6,6,0,0,0
RI,2020-06-14,1,1,0,0,0
VC,2020-06-14,1,1,0,0,0
AN,2020-06-15,7,7,0,0,0
AR,2020-06-15,7,7,0,0,0
AS,2020-06-15,0,0,0,0,0
CB,2020-06-15,1,1,0,0,0
CE,2020-06-15,0,0,0,0,0
CL,2020-06-15,15,15,0,0,0
CM,2020-06-15,11,11,0,0,0
CN,2020-06-15,1,1,0,0,0
CT,2020-06-15,80,59,0,21,0
EX,2020-06-15,5,5,0,0,0
GA,2020-06-15,3,3,0,0,0
IB,2020-06-15,3,3,0,0,0
MC,2020-06-15,2,2,0,0,0
MD,2020-06-15,126,126,0,0,0
ML,2020-06-15,1,1,0,0,0
NC,2020-06-15,4,4,0,0,0
PV,2020-06-15,14,14,0,0,0
RI,2020-06-15,0,0,0,0,0
VC,2020-06-15,11,11,0,0,0
AN,2020-06-16,9,9,0,0,0
AR,2020-06-16,11,11,0,0,0
AS,2020-06-16,0,0,0,0,0
CB,2020-06-16,2,2,0,0,0
CE,2020-06-16,0,0,0,0,0
CL,2020-06-16,42,41,0,1,0
CM,2020-06-16,21,21,0,0,0
CN,2020-06-16,3,3,0,0,0
CT,2020-06-16,81,67,0,14,0
EX,2020-06-16,2,2,0,0,0
GA,2020-06-16,1,1,0,0,0
IB,2020-06-16,4,4,0,0,0
MC,2020-06-16,1,1,0,0,0
MD,2020-06-16,56,56,0,0,0
ML,2020-06-16,0,0,0,0,0
NC,2020-06-16,12,12,0,0,0
PV,2020-06-16,11,11,0,0,0
RI,2020-06-16,1,1,0,0,0
VC,2020-06-16,10,10,0,0,0
AN,2020-06-17,10,10,0,0,0
AR,2020-06-17,7,7,0,0,0
AS,2020-06-17,0,0,0,0,0
CB,2020-06-17,3,3,0,0,0
CE,2020-06-17,0,0,0,0,0
CL,2020-06-17,18,18,0,0,0
CM,2020-06-17,16,16,0,0,0
CN,2020-06-17,14,14,0,0,0
CT,2020-06-17,95,79,0,16,0
EX,2020-06-17,7,7,0,0,0
GA,2020-06-17,4,4,0,0,0
IB,2020-06-17,4,4,0,0,0
MC,2020-06-17,2,2,0,0,0
MD,2020-06-17,86,86,0,0,0
ML,2020-06-17,0,0,0,0,0
NC,2020-06-17,3,3,0,0,0
PV,2020-06-17,8,8,0,0,0
RI,2020-06-17,0,0,0,0,0
VC,2020-06-17,8,8,0,0,0
AN,2020-06-18,25,25,0,0,0
AR,2020-06-18,17,17,0,0,0
AS,2020-06-18,0,0,0,0,0
CB,2020-06-18,5,5,0,0,0
CE,2020-06-18,0,0,0,0,0
CL,2020-06-18,12,11,0,1,0
CM,2020-06-18,9,9,0,0,0
CN,2020-06-18,0,0,0,0,0
CT,2020-06-18,104,89,0,15,0
EX,2020-06-18,4,4,0,0,0
GA,2020-06-18,0,0,0,0,0
IB,2020-06-18,5,5,0,0,0
MC,2020-06-18,2,2,0,0,0
MD,2020-06-18,86,86,0,0,0
ML,2020-06-18,0,0,0,0,0
NC,2020-06-18,6,6,0,0,0
PV,2020-06-18,12,12,0,0,0
RI,2020-06-18,1,1,0,0,0
VC,2020-06-18,8,8,0,0,0
AN,2020-06-19,11,11,0,0,0
AR,2020-06-19,25,25,0,0,0
AS,2020-06-19,0,0,0,0,0
CB,2020-06-19,0,0,0,0,0
CE,2020-06-19,0,0,0,0,0
CL,2020-06-19,14,13,0,1,0
CM,2020-06-19,10,10,0,0,0
CN,2020-06-19,1,1,0,0,0
CT,2020-06-19,92,77,0,15,0
EX,2020-06-19,2,2,0,0,0
GA,2020-06-19,1,1,0,0,0
IB,2020-06-19,8,8,0,0,0
MC,2020-06-19,3,3,0,0,0
MD,2020-06-19,64,64,0,0,0
ML,2020-06-19,0,0,0,0,0
NC,2020-06-19,9,9,0,0,0
PV,2020-06-19,11,11,0,0,0
RI,2020-06-19,0,0,0,0,0
VC,2020-06-19,10,10,0,0,0
AN,2020-06-20,15,15,0,0,0
AR,2020-06-20,29,29,0,0,0
AS,2020-06-20,0,0,0,0,0
CB,2020-06-20,3,3,0,0,0
CE,2020-06-20,0,0,0,0,0
CL,2020-06-20,18,17,0,1,0
CM,2020-06-20,14,14,0,0,0
CN,2020-06-20,11,11,0,0,0
CT,2020-06-20,85,83,0,2,0
EX,2020-06-20,1,1,0,0,0
GA,2020-06-20,7,7,0,0,0
IB,2020-06-20,3,3,0,0,0
MC,2020-06-20,3,3,0,0,0
MD,2020-06-20,40,40,0,0,0
ML,2020-06-20,0,0,0,0,0
NC,2020-06-20,4,4,0,0,0
PV,2020-06-20,4,4,0,0,0
RI,2020-06-20,1,1,0,0,0
VC,2020-06-20,5,5,0,0,0
AN,2020-06-21,10,10,0,0,0
AR,2020-06-21,42,40,0,1,1
AS,2020-06-21,0,0,0,0,0
CB,2020-06-21,2,2,0,0,0
CE,2020-06-21,0,0,0,0,0
CL,2020-06-21,6,6,0,0,0
CM,2020-06-21,7,7,0,0,0
CN,2020-06-21,2,2,0,0,0
CT,2020-06-21,74,73,0,1,0
EX,2020-06-21,5,5,0,0,0
GA,2020-06-21,3,3,0,0,0
IB,2020-06-21,2,2,0,0,0
MC,2020-06-21,5,5,0,0,0
MD,2020-06-21,32,32,0,0,0
ML,2020-06-21,2,2,0,0,0
NC,2020-06-21,15,15,0,0,0
PV,2020-06-21,6,6,0,0,0
RI,2020-06-21,0,0,0,0,0
VC,2020-06-21,10,10,0,0,0
AN,2020-06-22,17,17,0,0,0
AR,2020-06-22,57,57,0,0,0
AS,2020-06-22,0,0,0,0,0
CB,2020-06-22,1,1,0,0,0
CE,2020-06-22,0,0,0,0,0
CL,2020-06-22,14,14,0,0,0
CM,2020-06-22,12,12,0,0,0
CN,2020-06-22,0,0,0,0,0
CT,2020-06-22,117,93,0,24,0
EX,2020-06-22,1,1,0,0,0
GA,2020-06-22,0,0,0,0,0
IB,2020-06-22,1,1,0,0,0
MC,2020-06-22,3,3,0,0,0
MD,2020-06-22,38,38,0,0,0
ML,2020-06-22,0,0,0,0,0
NC,2020-06-22,18,18,0,0,0
PV,2020-06-22,7,7,0,0,0
RI,2020-06-22,0,0,0,0,0
VC,2020-06-22,7,7,0,0,0
AN,2020-06-23,13,13,0,0,0
AR,2020-06-23,48,48,0,0,0
AS,2020-06-23,0,0,0,0,0
CB,2020-06-23,2,2,0,0,0
CE,2020-06-23,0,0,0,0,0
CL,2020-06-23,29,28,0,1,0
CM,2020-06-23,23,23,0,0,0
CN,2020-06-23,6,6,0,0,0
CT,2020-06-23,123,102,0,21,0
EX,2020-06-23,5,5,0,0,0
GA,2020-06-23,5,5,0,0,0
IB,2020-06-23,5,5,0,0,0
MC,2020-06-23,5,5,0,0,0
MD,2020-06-23,55,55,0,0,0
ML,2020-06-23,0,0,0,0,0
NC,2020-06-23,8,8,0,0,0
PV,2020-06-23,5,5,0,0,0
RI,2020-06-23,1,1,0,0,0
VC,2020-06-23,12,12,0,0,0
AN,2020-06-24,96,96,0,0,0
AR,2020-06-24,65,62,0,1,2
AS,2020-06-24,0,0,0,0,0
CB,2020-06-24,2,2,0,0,0
CE,2020-06-24,0,0,0,0,0
CL,2020-06-24,14,14,0,0,0
CM,2020-06-24,20,20,0,0,0
CN,2020-06-24,1,1,0,0,0
CT,2020-06-24,92,92,0,0,0
EX,2020-06-24,1,1,0,0,0
GA,2020-06-24,5,5,0,0,0
IB,2020-06-24,3,3,0,0,0
MC,2020-06-24,7,7,0,0,0
MD,2020-06-24,44,44,0,0,0
ML,2020-06-24,0,0,0,0,0
NC,2020-06-24,11,11,0,0,0
PV,2020-06-24,13,13,0,0,0
RI,2020-06-24,1,1,0,0,0
VC,2020-06-24,6,6,0,0,0
AN,2020-06-25,22,22,0,0,0
AR,2020-06-25,48,47,0,0,1
AS,2020-06-25,0,0,0,0,0
CB,2020-06-25,0,0,0,0,0
CE,2020-06-25,0,0,0,0,0
CL,2020-06-25,17,17,0,0,0
CM,2020-06-25,19,19,0,0,0
CN,2020-06-25,1,1,0,0,0
CT,2020-06-25,142,111,0,31,0
EX,2020-06-25,4,4,0,0,0
GA,2020-06-25,8,8,0,0,0
IB,2020-06-25,1,1,0,0,0
MC,2020-06-25,5,5,0,0,0
MD,2020-06-25,56,56,0,0,0
ML,2020-06-25,0,0,0,0,0
NC,2020-06-25,6,6,0,0,0
PV,2020-06-25,5,5,0,0,0
RI,2020-06-25,0,0,0,0,0
VC,2020-06-25,8,8,0,0,0
AN,2020-06-26,19,19,0,0,0
AR,2020-06-26,21,21,0,0,0
AS,2020-06-26,0,0,0,0,0
CB,2020-06-26,3,3,0,0,0
CE,2020-06-26,0,0,0,0,0
CL,2020-06-26,15,15,0,0,0
CM,2020-06-26,11,11,0,0,0
CN,2020-06-26,1,1,0,0,0
CT,2020-06-26,200,162,0,38,0
EX,2020-06-26,0,0,0,0,0
GA,2020-06-26,4,4,0,0,0
IB,2020-06-26,10,10,0,0,0
MC,2020-06-26,7,7,0,0,0
MD,2020-06-26,54,54,0,0,0
ML,2020-06-26,0,0,0,0,0
NC,2020-06-26,5,5,0,0,0
PV,2020-06-26,10,10,0,0,0
RI,2020-06-26,0,0,0,0,0
VC,2020-06-26,13,13,0,0,0
AN,2020-06-27,15,15,0,0,0
AR,2020-06-27,54,53,0,1,0
AS,2020-06-27,0,0,0,0,0
CB,2020-06-27,2,2,0,0,0
CE,2020-06-27,0,0,0,0,0
CL,2020-06-27,13,13,0,0,0
CM,2020-06-27,14,14,0,0,0
CN,2020-06-27,0,0,0,0,0
CT,2020-06-27,118,118,0,0,0
EX,2020-06-27,5,5,0,0,0
GA,2020-06-27,9,8,0,1,0
IB,2020-06-27,5,5,0,0,0
MC,2020-06-27,6,6,0,0,0
MD,2020-06-27,24,24,0,0,0
ML,2020-06-27,0,0,0,0,0
NC,2020-06-27,7,7,0,0,0
PV,2020-06-27,5,5,0,0,0
RI,2020-06-27,0,0,0,0,0
VC,2020-06-27,13,13,0,0,0
AN,2020-06-28,27,27,0,0,0
AR,2020-06-28,18,17,0,0,1
AS,2020-06-28,0,0,0,0,0
CB,2020-06-28,0,0,0,0,0
CE,2020-06-28,0,0,0,0,0
CL,2020-06-28,5,5,0,0,0
CM,2020-06-28,13,12,0,1,0
CN,2020-06-28,0,0,0,0,0
CT,2020-06-28,104,103,0,1,0
EX,2020-06-28,3,3,0,0,0
GA,2020-06-28,11,11,0,0,0
IB,2020-06-28,5,5,0,0,0
MC,2020-06-28,3,3,0,0,0
MD,2020-06-28,25,25,0,0,0
ML,2020-06-28,0,0,0,0,0
NC,2020-06-28,2,2,0,0,0
PV,2020-06-28,7,7,0,0,0
RI,2020-06-28,2,2,0,0,0
VC,2020-06-28,13,13,0,0,0
AN,2020-06-29,22,22,0,0,0
AR,2020-06-29,25,24,0,0,1
AS,2020-06-29,1,1,0,0,0
CB,2020-06-29,0,0,0,0,0
CE,2020-06-29,0,0,0,0,0
CL,2020-06-29,11,11,0,0,0
CM,2020-06-29,13,13,0,0,0
CN,2020-06-29,0,0,0,0,0
CT,2020-06-29,180,163,0,17,0
EX,2020-06-29,6,6,0,0,0
GA,2020-06-29,8,8,0,0,0
IB,2020-06-29,9,9,0,0,0
MC,2020-06-29,10,10,0,0,0
MD,2020-06-29,50,50,0,0,0
ML,2020-06-29,0,0,0,0,0
NC,2020-06-29,1,1,0,0,0
PV,2020-06-29,8,8,0,0,0
RI,2020-06-29,1,1,0,0,0
VC,2020-06-29,18,18,0,0,0
AN,2020-06-30,26,25,0,1,0
AR,2020-06-30,37,37,0,0,0
AS,2020-06-30,0,0,0,0,0
CB,2020-06-30,1,1,0,0,0
CE,2020-06-30,0,0,0,0,0
CL,2020-06-30,13,13,0,0,0
CM,2020-06-30,11,11,0,0,0
CN,2020-06-30,5,5,0,0,0
CT,2020-06-30,184,166,0,16,2
EX,2020-06-30,7,7,0,0,0
GA,2020-06-30,22,22,0,0,0
IB,2020-06-30,3,3,0,0,0
MC,2020-06-30,3,3,0,0,0
MD,2020-06-30,63,63,0,0,0
ML,2020-06-30,0,0,0,0,0
NC,2020-06-30,3,3,0,0,0
PV,2020-06-30,14,14,0,0,0
RI,2020-06-30,0,0,0,0,0
VC,2020-06-30,18,18,0,0,0
AN,2020-07-01,23,23,0,0,0
AR,2020-07-01,36,36,0,0,0
AS,2020-07-01,1,1,0,0,0
CB,2020-07-01,1,1,0,0,0
CE,2020-07-01,0,0,0,0,0
CL,2020-07-01,9,8,0,1,0
CM,2020-07-01,17,17,0,0,0
CN,2020-07-01,8,8,0,0,0
CT,2020-07-01,298,276,0,22,0
EX,2020-07-01,9,9,0,0,0
GA,2020-07-01,12,12,0,0,0
IB,2020-07-01,4,4,0,0,0
MC,2020-07-01,5,5,0,0,0
MD,2020-07-01,58,58,0,0,0
ML,2020-07-01,0,0,0,0,0
NC,2020-07-01,6,6,0,0,0
PV,2020-07-01,7,7,0,0,0
RI,2020-07-01,0,0,0,0,0
VC,2020-07-01,23,23,0,0,0
AN,2020-07-02,14,14,0,0,0
AR,2020-07-02,22,22,0,0,0
AS,2020-07-02,0,0,0,0,0
CB,2020-07-02,0,0,0,0,0
CE,2020-07-02,0,0,0,0,0
CL,2020-07-02,9,9,0,0,0
CM,2020-07-02,14,14,0,0,0
CN,2020-07-02,1,1,0,0,0
CT,2020-07-02,239,217,0,21,1
EX,2020-07-02,4,4,0,0,0
GA,2020-07-02,24,24,0,0,0
IB,2020-07-02,3,3,0,0,0
MC,2020-07-02,2,2,0,0,0
MD,2020-07-02,41,41,0,0,0
ML,2020-07-02,0,0,0,0,0
NC,2020-07-02,4,4,0,0,0
PV,2020-07-02,8,8,0,0,0
RI,2020-07-02,0,0,0,0,0
VC,2020-07-02,23,23,0,0,0
AN,2020-07-03,26,26,0,0,0
AR,2020-07-03,44,44,0,0,0
AS,2020-07-03,0,0,0,0,0
CB,2020-07-03,3,3,0,0,0
CE,2020-07-03,0,0,0,0,0
CL,2020-07-03,11,11,0,0,0
CM,2020-07-03,22,22,0,0,0
CN,2020-07-03,4,4,0,0,0
CT,2020-07-03,276,268,0,8,0
EX,2020-07-03,8,8,0,0,0
GA,2020-07-03,31,31,0,0,0
IB,2020-07-03,4,4,0,0,0
MC,2020-07-03,2,2,0,0,0
MD,2020-07-03,77,77,0,0,0
ML,2020-07-03,0,0,0,0,0
NC,2020-07-03,7,7,0,0,0
PV,2020-07-03,13,13,0,0,0
RI,2020-07-03,0,0,0,0,0
VC,2020-07-03,14,14,0,0,0
AN,2020-07-04,25,25,0,0,0
AR,2020-07-04,33,32,0,0,1
AS,2020-07-04,0,0,0,0,0
CB,2020-07-04,0,0,0,0,0
CE,2020-07-04,0,0,0,0,0
CL,2020-07-04,7,7,0,0,0
CM,2020-07-04,10,10,0,0,0
CN,2020-07-04,4,4,0,0,0
CT,2020-07-04,252,251,0,1,0
EX,2020-07-04,4,4,0,0,0
GA,2020-07-04,17,17,0,0,0
IB,2020-07-04,3,3,0,0,0
MC,2020-07-04,6,6,0,0,0
MD,2020-07-04,29,29,0,0,0
ML,2020-07-04,0,0,0,0,0
NC,2020-07-04,5,5,0,0,0
PV,2020-07-04,7,7,0,0,0
RI,2020-07-04,0,0,0,0,0
VC,2020-07-04,6,6,0,0,0
AN,2020-07-05,16,16,0,0,0
AR,2020-07-05,37,37,0,0,0
AS,2020-07-05,0,0,0,0,0
CB,2020-07-05,2,2,0,0,0
CE,2020-07-05,0,0,0,0,0
CL,2020-07-05,3,3,0,0,0
CM,2020-07-05,5,5,0,0,0
CN,2020-07-05,1,1,0,0,0
CT,2020-07-05,255,255,0,0,0
EX,2020-07-05,6,6,0,0,0
GA,2020-07-05,12,12,0,0,0
IB,2020-07-05,3,3,0,0,0
MC,2020-07-05,7,7,0,0,0
MD,2020-07-05,31,31,0,0,0
ML,2020-07-05,0,0,0,0,0
NC,2020-07-05,1,1,0,0,0
PV,2020-07-05,17,17,0,0,0
RI,2020-07-05,1,1,0,0,0
VC,2020-07-05,11,11,0,0,0
AN,2020-07-06,22,22,0,0,0
AR,2020-07-06,76,76,0,0,0
AS,2020-07-06,0,0,0,0,0
CB,2020-07-06,0,0,0,0,0
CE,2020-07-06,0,0,0,0,0
CL,2020-07-06,14,13,0,1,0
CM,2020-07-06,18,18,0,0,0
CN,2020-07-06,2,2,0,0,0
CT,2020-07-06,370,369,0,0,1
EX,2020-07-06,2,1,0,1,0
GA,2020-07-06,18,18,0,0,0
IB,2020-07-06,4,3,1,0,0
MC,2020-07-06,8,8,0,0,0
MD,2020-07-06,58,58,0,0,0
ML,2020-07-06,0,0,0,0,0
NC,2020-07-06,12,12,0,0,0
PV,2020-07-06,31,31,0,0,0
RI,2020-07-06,0,0,0,0,0
VC,2020-07-06,21,21,0,0,0
AN,2020-07-07,32,32,0,0,0
AR,2020-07-07,91,88,0,0,3
AS,2020-07-07,0,0,0,0,0
CB,2020-07-07,1,1,0,0,0
CE,2020-07-07,0,0,0,0,0
CL,2020-07-07,10,9,0,1,0
CM,2020-07-07,15,15,0,0,0
CN,2020-07-07,4,4,0,0,0
CT,2020-07-07,430,428,0,2,0
EX,2020-07-07,16,16,0,0,0
GA,2020-07-07,35,35,0,0,0
IB,2020-07-07,1,1,0,0,0
MC,2020-07-07,12,12,0,0,0
MD,2020-07-07,53,53,0,0,0
ML,2020-07-07,0,0,0,0,0
NC,2020-07-07,13,13,0,0,0
PV,2020-07-07,31,31,0,0,0
RI,2020-07-07,3,3,0,0,0
VC,2020-07-07,26,26,0,0,0
AN,2020-07-08,56,56,0,0,0
AR,2020-07-08,77,76,0,0,1
AS,2020-07-08,2,2,0,0,0
CB,2020-07-08,2,2,0,0,0
CE,2020-07-08,0,0,0,0,0
CL,2020-07-08,13,12,0,1,0
CM,2020-07-08,17,17,0,0,0
CN,2020-07-08,8,8,0,0,0
CT,2020-07-08,475,475,0,0,0
EX,2020-07-08,6,6,0,0,0
GA,2020-07-08,24,24,0,0,0
IB,2020-07-08,4,4,0,0,0
MC,2020-07-08,16,16,0,0,0
MD,2020-07-08,78,78,0,0,0
ML,2020-07-08,0,0,0,0,0
NC,2020-07-08,7,7,0,0,0
PV,2020-07-08,37,37,0,0,0
RI,2020-07-08,5,5,0,0,0
VC,2020-07-08,29,29,0,0,0
AN,2020-07-09,36,36,0,0,0
AR,2020-07-09,87,87,0,0,0
AS,2020-07-09,0,0,0,0,0
CB,2020-07-09,1,1,0,0,0
CE,2020-07-09,0,0,0,0,0
CL,2020-07-09,8,8,0,0,0
CM,2020-07-09,24,24,0,0,0
CN,2020-07-09,8,8,0,0,0
CT,2020-07-09,505,504,0,0,1
EX,2020-07-09,23,23,0,0,0
GA,2020-07-09,16,16,0,0,0
IB,2020-07-09,6,6,0,0,0
MC,2020-07-09,6,6,0,0,0
MD,2020-07-09,77,77,0,0,0
ML,2020-07-09,0,0,0,0,0
NC,2020-07-09,29,29,0,0,0
PV,2020-07-09,34,34,0,0,0
RI,2020-07-09,1,1,0,0,0
VC,2020-07-09,28,28,0,0,0
AN,2020-07-10,59,59,0,0,0
AR,2020-07-10,127,125,0,0,2
AS,2020-07-10,2,2,0,0,0
CB,2020-07-10,1,1,0,0,0
CE,2020-07-10,0,0,0,0,0
CL,2020-07-10,15,14,0,1,0
CM,2020-07-10,25,25,0,0,0
CN,2020-07-10,3,3,0,0,0
CT,2020-07-10,642,641,0,1,0
EX,2020-07-10,45,45,0,0,0
GA,2020-07-10,7,7,0,0,0
IB,2020-07-10,8,8,0,0,0
MC,2020-07-10,9,9,0,0,0
MD,2020-07-10,73,73,0,0,0
ML,2020-07-10,0,0,0,0,0
NC,2020-07-10,20,20,0,0,0
PV,2020-07-10,25,25,0,0,0
RI,2020-07-10,10,10,0,0,0
VC,2020-07-10,32,32,0,0,0
AN,2020-07-11,50,50,0,0,0
AR,2020-07-11,154,154,0,0,0
AS,2020-07-11,3,3,0,0,0
CB,2020-07-11,1,1,0,0,0
CE,2020-07-11,0,0,0,0,0
CL,2020-07-11,13,13,0,0,0
CM,2020-07-11,10,10,0,0,0
CN,2020-07-11,1,1,0,0,0
CT,2020-07-11,404,404,0,0,0
EX,2020-07-11,18,18,0,0,0
GA,2020-07-11,15,15,0,0,0
IB,2020-07-11,7,7,0,0,0
MC,2020-07-11,16,16,0,0,0
MD,2020-07-11,52,52,0,0,0
ML,2020-07-11,0,0,0,0,0
NC,2020-07-11,35,35,0,0,0
PV,2020-07-11,41,41,0,0,0
RI,2020-07-11,3,3,0,0,0
VC,2020-07-11,35,35,0,0,0
AN,2020-07-12,32,32,0,0,0
AR,2020-07-12,129,128,0,0,1
AS,2020-07-12,0,0,0,0,0
CB,2020-07-12,2,2,0,0,0
CE,2020-07-12,0,0,0,0,0
CL,2020-07-12,7,7,0,0,0
CM,2020-07-12,9,9,0,0,0
CN,2020-07-12,3,3,0,0,0
CT,2020-07-12,456,452,0,1,3
EX,2020-07-12,12,12,0,0,0
GA,2020-07-12,3,3,0,0,0
IB,2020-07-12,4,4,0,0,0
MC,2020-07-12,12,12,0,0,0
MD,2020-07-12,59,59,0,0,0
ML,2020-07-12,2,2,0,0,0
NC,2020-07-12,23,23,0,0,0
PV,2020-07-12,44,44,0,0,0
RI,2020-07-12,2,2,0,0,0
VC,2020-07-12,17,17,0,0,0
AN,2020-07-13,48,48,0,0,0
AR,2020-07-13,230,228,0,0,2
AS,2020-07-13,0,0,0,0,0
CB,2020-07-13,1,1,0,0,0
CE,2020-07-13,0,0,0,0,0
CL,2020-07-13,21,21,0,0,0
CM,2020-07-13,17,17,0,0,0
CN,2020-07-13,6,6,0,0,0
CT,2020-07-13,722,717,0,4,1
EX,2020-07-13,13,13,0,0,0
GA,2020-07-13,8,8,0,0,0
IB,2020-07-13,7,7,0,0,0
MC,2020-07-13,13,13,0,0,0
MD,2020-07-13,104,104,0,0,0
ML,2020-07-13,0,0,0,0,0
NC,2020-07-13,40,40,0,0,0
PV,2020-07-13,52,52,0,0,0
RI,2020-07-13,4,4,0,0,0
VC,2020-07-13,49,49,0,0,0
AN,2020-07-14,95,95,0,0,0
AR,2020-07-14,290,289,0,0,1
AS,2020-07-14,2,2,0,0,0
CB,2020-07-14,2,2,0,0,0
CE,2020-07-14,1,1,0,0,0
CL,2020-07-14,21,20,0,1,0
CM,2020-07-14,22,22,0,0,0
CN,2020-07-14,2,2,0,0,0
CT,2020-07-14,668,665,0,3,0
EX,2020-07-14,3,3,0,0,0
GA,2020-07-14,13,13,0,0,0
IB,2020-07-14,11,11,0,0,0
MC,2020-07-14,21,21,0,0,0
MD,2020-07-14,115,115,0,0,0
ML,2020-07-14,0,0,0,0,0
NC,2020-07-14,51,51,0,0,0
PV,2020-07-14,80,80,0,0,0
RI,2020-07-14,6,6,0,0,0
VC,2020-07-14,55,55,0,0,0
AN,2020-07-15,64,64,0,0,0
AR,2020-07-15,362,359,0,1,2
AS,2020-07-15,2,2,0,0,0
CB,2020-07-15,4,4,0,0,0
CE,2020-07-15,0,0,0,0,0
CL,2020-07-15,14,14,0,0,0
CM,2020-07-15,28,28,0,0,0
CN,2020-07-15,9,9,0,0,0
CT,2020-07-15,886,883,0,1,2
EX,2020-07-15,13,13,0,0,0
GA,2020-07-15,17,17,0,0,0
IB,2020-07-15,14,14,0,0,0
MC,2020-07-15,32,32,0,0,0
MD,2020-07-15,123,123,0,0,0
ML,2020-07-15,0,0,0,0,0
NC,2020-07-15,43,43,0,0,0
PV,2020-07-15,93,93,0,0,0
RI,2020-07-15,2,2,0,0,0
VC,2020-07-15,77,77,0,0,0
AN,2020-07-16,75,75,0,0,0
AR,2020-07-16,294,293,0,0,1
AS,2020-07-16,1,1,0,0,0
CB,2020-07-16,5,5,0,0,0
CE,2020-07-16,0,0,0,0,0
CL,2020-07-16,21,21,0,0,0
CM,2020-07-16,22,22,0,0,0
CN,2020-07-16,4,4,0,0,0
CT,2020-07-16,802,800,0,2,0
EX,2020-07-16,22,22,0,0,0
GA,2020-07-16,11,11,0,0,0
IB,2020-07-16,7,7,0,0,0
MC,2020-07-16,24,24,0,0,0
MD,2020-07-16,103,103,0,0,0
ML,2020-07-16,0,0,0,0,0
NC,2020-07-16,47,47,0,0,0
PV,2020-07-16,127,127,0,0,0
RI,2020-07-16,9,8,0,0,1
VC,2020-07-16,64,64,0,0,0
AN,2020-07-17,95,95,0,0,0
AR,2020-07-17,402,397,0,0,5
AS,2020-07-17,1,1,0,0,0
CB,2020-07-17,3,3,0,0,0
CE,2020-07-17,0,0,0,0,0
CL,2020-07-17,17,15,0,2,0
CM,2020-07-17,24,24,0,0,0
CN,2020-07-17,7,7,0,0,0
CT,2020-07-17,979,978,0,0,1
EX,2020-07-17,5,5,0,0,0
GA,2020-07-17,9,9,0,0,0
IB,2020-07-17,6,6,0,0,0
MC,2020-07-17,31,31,0,0,0
MD,2020-07-17,158,158,0,0,0
ML,2020-07-17,0,0,0,0,0
NC,2020-07-17,73,73,0,0,0
PV,2020-07-17,102,102,0,0,0
RI,2020-07-17,11,5,0,1,5
VC,2020-07-17,95,95,0,0,0
AN,2020-07-18,86,86,0,0,0
AR,2020-07-18,345,340,0,0,5
AS,2020-07-18,1,1,0,0,0
CB,2020-07-18,12,12,0,0,0
CE,2020-07-18,0,0,0,0,0
CL,2020-07-18,27,25,0,2,0
CM,2020-07-18,12,12,0,0,0
CN,2020-07-18,12,12,0,0,0
CT,2020-07-18,762,761,0,0,1
EX,2020-07-18,5,5,0,0,0
GA,2020-07-18,10,10,0,0,0
IB,2020-07-18,7,7,0,0,0
MC,2020-07-18,21,21,0,0,0
MD,2020-07-18,114,114,0,0,0
ML,2020-07-18,0,0,0,0,0
NC,2020-07-18,78,78,0,0,0
PV,2020-07-18,185,185,0,0,0
RI,2020-07-18,7,5,0,0,2
VC,2020-07-18,92,92,0,0,0
AN,2020-07-19,114,114,0,0,0
AR,2020-07-19,335,333,0,0,2
AS,2020-07-19,2,2,0,0,0
CB,2020-07-19,5,5,0,0,0
CE,2020-07-19,0,0,0,0,0
CL,2020-07-19,24,23,0,1,0
CM,2020-07-19,10,10,0,0,0
CN,2020-07-19,54,54,0,0,0
CT,2020-07-19,597,596,0,0,1
EX,2020-07-19,6,6,0,0,0
GA,2020-07-19,13,13,0,0,0
IB,2020-07-19,5,5,0,0,0
MC,2020-07-19,26,26,0,0,0
MD,2020-07-19,116,116,0,0,0
ML,2020-07-19,0,0,0,0,0
NC,2020-07-19,51,51,0,0,0
PV,2020-07-19,97,97,0,0,0
RI,2020-07-19,0,0,0,0,0
VC,2020-07-19,81,81,0,0,0
AN,2020-07-20,119,119,0,0,0
AR,2020-07-20,428,420,0,0,8
AS,2020-07-20,1,1,0,0,0
CB,2020-07-20,9,9,0,0,0
CE,2020-07-20,0,0,0,0,0
CL,2020-07-20,35,34,0,1,0
CM,2020-07-20,30,30,0,0,0
CN,2020-07-20,3,3,0,0,0
CT,2020-07-20,1044,1042,0,2,0
EX,2020-07-20,9,9,0,0,0
GA,2020-07-20,11,11,0,0,0
IB,2020-07-20,15,15,0,0,0
MC,2020-07-20,38,38,0,0,0
MD,2020-07-20,178,178,0,0,0
ML,2020-07-20,0,0,0,0,0
NC,2020-07-20,101,101,0,0,0
PV,2020-07-20,110,110,0,0,0
RI,2020-07-20,5,5,0,0,0
VC,2020-07-20,119,119,0,0,0
AN,2020-07-21,74,74,0,0,0
AR,2020-07-21,458,454,0,0,4
AS,2020-07-21,2,2,0,0,0
CB,2020-07-21,5,5,0,0,0
CE,2020-07-21,0,0,0,0,0
CL,2020-07-21,20,20,0,0,0
CM,2020-07-21,24,24,0,0,0
CN,2020-07-21,11,11,0,0,0
CT,2020-07-21,985,975,0,9,1
EX,2020-07-21,17,17,0,0,0
GA,2020-07-21,15,15,0,0,0
IB,2020-07-21,13,13,0,0,0
MC,2020-07-21,49,49,0,0,0
MD,2020-07-21,226,226,0,0,0
ML,2020-07-21,0,0,0,0,0
NC,2020-07-21,119,119,0,0,0
PV,2020-07-21,122,122,0,0,0
RI,2020-07-21,17,17,0,0,0
VC,2020-07-21,127,127,0,0,0
AN,2020-07-22,77,77,0,0,0
AR,2020-07-22,467,460,0,0,7
AS,2020-07-22,2,2,0,0,0
CB,2020-07-22,6,6,0,0,0
CE,2020-07-22,1,1,0,0,0
CL,2020-07-22,24,24,0,0,0
CM,2020-07-22,39,39,0,0,0
CN,2020-07-22,8,8,0,0,0
CT,2020-07-22,1029,1024,0,4,1
EX,2020-07-22,6,6,0,0,0
GA,2020-07-22,20,20,0,0,0
IB,2020-07-22,13,13,0,0,0
MC,2020-07-22,58,58,0,0,0
MD,2020-07-22,213,213,0,0,0
ML,2020-07-22,0,0,0,0,0
NC,2020-07-22,66,66,0,0,0
PV,2020-07-22,158,158,0,0,0
RI,2020-07-22,9,9,0,0,0
VC,2020-07-22,135,135,0,0,0
AN,2020-07-23,113,113,0,0,0
AR,2020-07-23,389,382,0,0,7
AS,2020-07-23,4,4,0,0,0
CB,2020-07-23,8,8,0,0,0
CE,2020-07-23,0,0,0,0,0
CL,2020-07-23,45,45,0,0,0
CM,2020-07-23,20,20,0,0,0
CN,2020-07-23,11,11,0,0,0
CT,2020-07-23,1012,1009,0,3,0
EX,2020-07-23,4,4,0,0,0
GA,2020-07-23,16,16,0,0,0
IB,2020-07-23,21,21,0,0,0
MC,2020-07-23,48,48,0,0,0
MD,2020-07-23,212,212,0,0,0
ML,2020-07-23,0,0,0,0,0
NC,2020-07-23,66,66,0,0,0
PV,2020-07-23,121,121,0,0,0
RI,2020-07-23,5,5,0,0,0
VC,2020-07-23,121,121,0,0,0
AN,2020-07-24,128,128,0,0,0
AR,2020-07-24,450,436,0,0,14
AS,2020-07-24,3,3,0,0,0
CB,2020-07-24,6,6,0,0,0
CE,2020-07-24,0,0,0,0,0
CL,2020-07-24,38,38,0,0,0
CM,2020-07-24,42,42,0,0,0
CN,2020-07-24,5,5,0,0,0
CT,2020-07-24,1042,1037,0,4,1
EX,2020-07-24,11,11,0,0,0
GA,2020-07-24,29,29,0,0,0
IB,2020-07-24,26,26,0,0,0
MC,2020-07-24,73,73,0,0,0
MD,2020-07-24,326,326,0,0,0
ML,2020-07-24,0,0,0,0,0
NC,2020-07-24,56,56,0,0,0
PV,2020-07-24,114,114,0,0,0
RI,2020-07-24,11,11,0,0,0
VC,2020-07-24,152,152,0,0,0
AN,2020-07-25,112,112,0,0,0
AR,2020-07-25,380,378,0,0,2
AS,2020-07-25,8,8,0,0,0
CB,2020-07-25,9,9,0,0,0
CE,2020-07-25,0,0,0,0,0
CL,2020-07-25,29,29,0,0,0
CM,2020-07-25,24,24,0,0,0
CN,2020-07-25,12,12,0,0,0
CT,2020-07-25,654,653,0,1,0
EX,2020-07-25,4,4,0,0,0
GA,2020-07-25,19,19,0,0,0
IB,2020-07-25,23,23,0,0,0
MC,2020-07-25,86,86,0,0,0
MD,2020-07-25,277,277,0,0,0
ML,2020-07-25,0,0,0,0,0
NC,2020-07-25,82,82,0,0,0
PV,2020-07-25,170,170,0,0,0
RI,2020-07-25,2,2,0,0,0
VC,2020-07-25,159,159,0,0,0
AN,2020-07-26,102,102,0,0,0
AR,2020-07-26,390,385,0,0,5
AS,2020-07-26,7,7,0,0,0
CB,2020-07-26,7,7,0,0,0
CE,2020-07-26,1,1,0,0,0
CL,2020-07-26,29,29,0,0,0
CM,2020-07-26,20,20,0,0,0
CN,2020-07-26,7,7,0,0,0
CT,2020-07-26,571,570,0,1,0
EX,2020-07-26,7,7,0,0,0
GA,2020-07-26,7,7,0,0,0
IB,2020-07-26,47,47,0,0,0
MC,2020-07-26,49,49,0,0,0
MD,2020-07-26,229,229,0,0,0
ML,2020-07-26,4,4,0,0,0
NC,2020-07-26,79,79,0,0,0
PV,2020-07-26,170,170,0,0,0
RI,2020-07-26,1,1,0,0,0
VC,2020-07-26,121,121,0,0,0
AN,2020-07-27,139,139,0,0,0
AR,2020-07-27,583,575,0,0,8
AS,2020-07-27,6,6,0,0,0
CB,2020-07-27,6,6,0,0,0
CE,2020-07-27,0,0,0,0,0
CL,2020-07-27,71,69,0,2,0
CM,2020-07-27,48,48,0,0,0
CN,2020-07-27,9,9,0,0,0
CT,2020-07-27,1010,1002,0,8,0
EX,2020-07-27,9,9,0,0,0
GA,2020-07-27,17,17,0,0,0
IB,2020-07-27,40,40,0,0,0
MC,2020-07-27,60,60,0,0,0
MD,2020-07-27,485,485,0,0,0
ML,2020-07-27,1,1,0,0,0
NC,2020-07-27,52,52,0,0,0
PV,2020-07-27,220,220,0,0,0
RI,2020-07-27,8,8,0,0,0
VC,2020-07-27,200,200,0,0,0
AN,2020-07-28,140,140,0,0,0
AR,2020-07-28,521,516,0,0,5
AS,2020-07-28,13,13,0,0,0
CB,2020-07-28,7,7,0,0,0
CE,2020-07-28,0,0,0,0,0
CL,2020-07-28,85,85,0,0,0
CM,2020-07-28,50,50,0,0,0
CN,2020-07-28,9,9,0,0,0
CT,2020-07-28,1037,1036,0,1,0
EX,2020-07-28,21,21,0,0,0
GA,2020-07-28,16,16,0,0,0
IB,2020-07-28,52,52,0,0,0
MC,2020-07-28,74,74,0,0,0
MD,2020-07-28,555,555,0,0,0
ML,2020-07-28,1,1,0,0,0
NC,2020-07-28,40,40,0,0,0
PV,2020-07-28,229,229,0,0,0
RI,2020-07-28,9,9,0,0,0
VC,2020-07-28,184,184,0,0,0
AN,2020-07-29,147,147,0,0,0
AR,2020-07-29,542,539,0,0,3
AS,2020-07-29,15,15,0,0,0
CB,2020-07-29,10,10,0,0,0
CE,2020-07-29,0,0,0,0,0
CL,2020-07-29,77,77,0,0,0
CM,2020-07-29,55,55,0,0,0
CN,2020-07-29,7,7,0,0,0
CT,2020-07-29,1083,1079,0,4,0
EX,2020-07-29,17,17,0,0,0
GA,2020-07-29,21,21,0,0,0
IB,2020-07-29,55,55,0,0,0
MC,2020-07-29,89,89,0,0,0
MD,2020-07-29,508,508,0,0,0
ML,2020-07-29,1,1,0,0,0
NC,2020-07-29,62,62,0,0,0
PV,2020-07-29,200,200,0,0,0
RI,2020-07-29,3,3,0,0,0
VC,2020-07-29,263,263,0,0,0
AN,2020-07-30,201,201,0,0,0
AR,2020-07-30,491,485,0,0,6
AS,2020-07-30,12,12,0,0,0
CB,2020-07-30,26,26,0,0,0
CE,2020-07-30,0,0,0,0,0
CL,2020-07-30,76,74,0,2,0
CM,2020-07-30,42,42,0,0,0
CN,2020-07-30,11,11,0,0,0
CT,2020-07-30,1029,1025,0,4,0
EX,2020-07-30,20,20,0,0,0
GA,2020-07-30,35,35,0,0,0
IB,2020-07-30,76,76,0,0,0
MC,2020-07-30,63,63,0,0,0
MD,2020-07-30,552,552,0,0,0
ML,2020-07-30,4,4,0,0,0
NC,2020-07-30,52,52,0,0,0
PV,2020-07-30,143,143,0,0,0
RI,2020-07-30,1,1,0,0,0
VC,2020-07-30,236,236,0,0,0
AN,2020-07-31,259,259,0,0,0
AR,2020-07-31,505,500,0,0,5
AS,2020-07-31,12,12,0,0,0
CB,2020-07-31,16,16,0,0,0
CE,2020-07-31,0,0,0,0,0
CL,2020-07-31,150,149,0,1,0
CM,2020-07-31,70,70,0,0,0
CN,2020-07-31,16,16,0,0,0
CT,2020-07-31,1151,1145,0,6,0
EX,2020-07-31,38,38,0,0,0
GA,2020-07-31,38,38,0,0,0
IB,2020-07-31,78,78,0,0,0
MC,2020-07-31,56,56,0,0,0
MD,2020-07-31,707,707,0,0,0
ML,2020-07-31,0,0,0,0,0
NC,2020-07-31,72,72,0,0,0
PV,2020-07-31,178,178,0,0,0
RI,2020-07-31,7,7,0,0,0
VC,2020-07-31,224,224,0,0,0
AN,2020-08-01,246,246,0,0,0
AR,2020-08-01,837,828,0,0,9
AS,2020-08-01,17,17,0,0,0
CB,2020-08-01,39,38,0,0,1
CE,2020-08-01,0,0,0,0,0
CL,2020-08-01,92,92,0,0,0
CM,2020-08-01,56,56,0,0,0
CN,2020-08-01,29,29,0,0,0
CT,2020-08-01,717,716,0,1,0
EX,2020-08-01,18,18,0,0,0
GA,2020-08-01,41,41,0,0,0
IB,2020-08-01,112,112,0,0,0
MC,2020-08-01,82,82,0,0,0
MD,2020-08-01,660,660,0,0,0
ML,2020-08-01,8,8,0,0,0
NC,2020-08-01,88,88,0,0,0
PV,2020-08-01,218,218,0,0,0
RI,2020-08-01,3,3,0,0,0
VC,2020-08-01,256,256,0,0,0
AN,2020-08-02,211,211,0,0,0
AR,2020-08-02,445,440,0,0,5
AS,2020-08-02,11,11,0,0,0
CB,2020-08-02,23,23,0,0,0
CE,2020-08-02,0,0,0,0,0
CL,2020-08-02,93,93,0,0,0
CM,2020-08-02,63,63,0,0,0
CN,2020-08-02,29,29,0,0,0
CT,2020-08-02,471,471,0,0,0
EX,2020-08-02,21,21,0,0,0
GA,2020-08-02,31,31,0,0,0
IB,2020-08-02,95,95,0,0,0
MC,2020-08-02,61,61,0,0,0
MD,2020-08-02,545,545,0,0,0
ML,2020-08-02,4,4,0,0,0
NC,2020-08-02,84,84,0,0,0
PV,2020-08-02,300,300,0,0,0
RI,2020-08-02,5,4,0,1,0
VC,2020-08-02,186,186,0,0,0
AN,2020-08-03,281,281,0,0,0
AR,2020-08-03,460,449,0,0,11
AS,2020-08-03,12,12,0,0,0
CB,2020-08-03,41,41,0,0,0
CE,2020-08-03,0,0,0,0,0
CL,2020-08-03,116,116,0,0,0
CM,2020-08-03,74,74,0,0,0
CN,2020-08-03,37,37,0,0,0
CT,2020-08-03,915,914,0,1,0
EX,2020-08-03,21,21,0,0,0
GA,2020-08-03,58,58,0,0,0
IB,2020-08-03,147,147,0,0,0
MC,2020-08-03,75,75,0,0,0
MD,2020-08-03,918,918,0,0,0
ML,2020-08-03,4,4,0,0,0
NC,2020-08-03,106,106,0,0,0
PV,2020-08-03,403,403,0,0,0
RI,2020-08-03,10,9,0,1,0
VC,2020-08-03,251,251,0,0,0
AN,2020-08-04,270,270,0,0,0
AR,2020-08-04,531,516,0,1,14
AS,2020-08-04,18,18,0,0,0
CB,2020-08-04,49,49,0,0,0
CE,2020-08-04,0,0,0,0,0
CL,2020-08-04,206,206,0,0,0
CM,2020-08-04,98,98,0,0,0
CN,2020-08-04,53,53,0,0,0
CT,2020-08-04,993,990,0,3,0
EX,2020-08-04,16,16,0,0,0
GA,2020-08-04,56,56,0,0,0
IB,2020-08-04,172,172,0,0,0
MC,2020-08-04,97,97,0,0,0
MD,2020-08-04,1084,1084,0,0,0
ML,2020-08-04,5,5,0,0,0
NC,2020-08-04,84,84,0,0,0
PV,2020-08-04,364,364,0,0,0
RI,2020-08-04,8,8,0,0,0
VC,2020-08-04,320,320,0,0,0
AN,2020-08-05,346,346,0,0,0
AR,2020-08-05,429,413,0,0,16
AS,2020-08-05,40,40,0,0,0
CB,2020-08-05,30,30,0,0,0
CE,2020-08-05,0,0,0,0,0
CL,2020-08-05,231,231,0,0,0
CM,2020-08-05,92,92,0,0,0
CN,2020-08-05,70,70,0,0,0
CT,2020-08-05,1006,1003,0,3,0
EX,2020-08-05,34,34,0,0,0
GA,2020-08-05,41,41,0,0,0
IB,2020-08-05,157,157,0,0,0
MC,2020-08-05,63,63,0,0,0
MD,2020-08-05,1060,1060,0,0,0
ML,2020-08-05,1,1,0,0,0
NC,2020-08-05,82,82,0,0,0
PV,2020-08-05,373,373,0,0,0
RI,2020-08-05,26,26,0,0,0
VC,2020-08-05,338,338,0,0,0
AN,2020-08-06,357,357,0,0,0
AR,2020-08-06,513,498,0,0,15
AS,2020-08-06,38,38,0,0,0
CB,2020-08-06,45,45,0,0,0
CE,2020-08-06,1,1,0,0,0
CL,2020-08-06,167,167,0,0,0
CM,2020-08-06,117,117,0,0,0
CN,2020-08-06,76,76,0,0,0
CT,2020-08-06,939,936,0,3,0
EX,2020-08-06,33,33,0,0,0
GA,2020-08-06,101,101,0,0,0
IB,2020-08-06,165,165,0,0,0
MC,2020-08-06,61,61,0,0,0
MD,2020-08-06,1067,1067,0,0,0
ML,2020-08-06,3,3,0,0,0
NC,2020-08-06,86,86,0,0,0
PV,2020-08-06,348,348,0,0,0
RI,2020-08-06,16,16,0,0,0
VC,2020-08-06,297,297,0,0,0
AN,2020-08-07,432,432,0,0,0
AR,2020-08-07,549,538,0,0,11
AS,2020-08-07,28,28,0,0,0
CB,2020-08-07,44,44,0,0,0
CE,2020-08-07,1,1,0,0,0
CL,2020-08-07,246,245,0,1,0
CM,2020-08-07,112,112,0,0,0
CN,2020-08-07,70,70,0,0,0
CT,2020-08-07,1125,1123,0,2,0
EX,2020-08-07,46,46,0,0,0
GA,2020-08-07,118,118,0,0,0
IB,2020-08-07,187,187,0,0,0
MC,2020-08-07,110,110,0,0,0
MD,2020-08-07,1347,1347,0,0,0
ML,2020-08-07,6,5,0,0,1
NC,2020-08-07,114,114,0,0,0
PV,2020-08-07,259,259,0,0,0
RI,2020-08-07,21,20,0,0,1
VC,2020-08-07,317,317,0,0,0
AN,2020-08-08,361,361,0,0,0
AR,2020-08-08,509,489,0,0,20
AS,2020-08-08,23,23,0,0,0
CB,2020-08-08,43,43,0,0,0
CE,2020-08-08,2,2,0,0,0
CL,2020-08-08,185,185,0,0,0
CM,2020-08-08,138,138,0,0,0
CN,2020-08-08,67,67,0,0,0
CT,2020-08-08,693,693,0,0,0
EX,2020-08-08,20,20,0,0,0
GA,2020-08-08,82,82,0,0,0
IB,2020-08-08,187,187,0,0,0
MC,2020-08-08,87,87,0,0,0
MD,2020-08-08,990,990,0,0,0
ML,2020-08-08,3,3,0,0,0
NC,2020-08-08,91,91,0,0,0
PV,2020-08-08,290,290,0,0,0
RI,2020-08-08,12,12,0,0,0
VC,2020-08-08,295,295,0,0,0
AN,2020-08-09,304,304,0,0,0
AR,2020-08-09,297,276,0,0,21
AS,2020-08-09,35,35,0,0,0
CB,2020-08-09,29,29,0,0,0
CE,2020-08-09,1,1,0,0,0
CL,2020-08-09,264,263,0,1,0
CM,2020-08-09,116,116,0,0,0
CN,2020-08-09,90,90,0,0,0
CT,2020-08-09,525,525,0,0,0
EX,2020-08-09,10,10,0,0,0
GA,2020-08-09,64,64,0,0,0
IB,2020-08-09,164,164,0,0,0
MC,2020-08-09,94,94,0,0,0
MD,2020-08-09,926,926,0,0,0
ML,2020-08-09,5,5,0,0,0
NC,2020-08-09,116,116,0,0,0
PV,2020-08-09,524,524,0,0,0
RI,2020-08-09,20,20,0,0,0
VC,2020-08-09,240,240,0,0,0
AN,2020-08-10,439,439,0,0,0
AR,2020-08-10,562,525,0,1,36
AS,2020-08-10,26,26,0,0,0
CB,2020-08-10,41,41,0,0,0
CE,2020-08-10,2,2,0,0,0
CL,2020-08-10,224,223,0,1,0
CM,2020-08-10,184,184,0,0,0
CN,2020-08-10,137,137,0,0,0
CT,2020-08-10,1060,1058,0,2,0
EX,2020-08-10,27,27,0,0,0
GA,2020-08-10,114,114,0,0,0
IB,2020-08-10,308,308,0,0,0
MC,2020-08-10,123,123,0,0,0
MD,2020-08-10,1441,1441,0,0,0
ML,2020-08-10,14,13,0,0,1
NC,2020-08-10,97,97,0,0,0
PV,2020-08-10,492,492,0,0,0
RI,2020-08-10,54,54,0,0,0
VC,2020-08-10,365,365,0,0,0
AN,2020-08-11,481,481,0,0,0
AR,2020-08-11,377,335,0,0,42
AS,2020-08-11,26,26,0,0,0
CB,2020-08-11,74,74,0,0,0
CE,2020-08-11,4,4,0,0,0
CL,2020-08-11,256,255,0,1,0
CM,2020-08-11,197,197,0,0,0
CN,2020-08-11,153,153,0,0,0
CT,2020-08-11,973,969,0,4,0
EX,2020-08-11,34,34,0,0,0
GA,2020-08-11,111,111,0,0,0
IB,2020-08-11,252,252,0,0,0
MC,2020-08-11,121,121,0,0,0
MD,2020-08-11,1913,1913,0,0,0
ML,2020-08-11,9,7,0,0,2
NC,2020-08-11,123,123,0,0,0
PV,2020-08-11,560,560,0,0,0
RI,2020-08-11,71,71,0,0,0
VC,2020-08-11,363,363,0,0,0
AN,2020-08-12,556,556,0,0,0
AR,2020-08-12,468,393,0,0,75
AS,2020-08-12,27,27,0,0,0
CB,2020-08-12,49,49,0,0,0
CE,2020-08-12,2,2,0,0,0
CL,2020-08-12,300,300,0,0,0
CM,2020-08-12,203,203,0,0,0
CN,2020-08-12,184,184,0,0,0
CT,2020-08-12,1038,1037,0,1,0
EX,2020-08-12,72,72,0,0,0
GA,2020-08-12,139,139,0,0,0
IB,2020-08-12,264,264,0,0,0
MC,2020-08-12,142,142,0,0,0
MD,2020-08-12,1701,1701,0,0,0
ML,2020-08-12,8,8,0,0,0
NC,2020-08-12,94,94,0,0,0
PV,2020-08-12,596,596,0,0,0
RI,2020-08-12,57,56,0,0,1
VC,2020-08-12,431,431,0,0,0
AN,2020-08-13,606,606,0,0,0
AR,2020-08-13,460,374,0,0,86
AS,2020-08-13,17,17,0,0,0
CB,2020-08-13,46,46,0,0,0
CE,2020-08-13,4,4,0,0,0
CL,2020-08-13,302,302,0,0,0
CM,2020-08-13,252,252,0,0,0
CN,2020-08-13,148,148,0,0,0
CT,2020-08-13,994,992,0,1,1
EX,2020-08-13,66,66,0,0,0
GA,2020-08-13,128,128,0,0,0
IB,2020-08-13,292,292,0,0,0
MC,2020-08-13,190,190,0,0,0
MD,2020-08-13,1633,1633,0,0,0
ML,2020-08-13,1,1,0,0,0
NC,2020-08-13,90,90,0,0,0
PV,2020-08-13,359,359,0,0,0
RI,2020-08-13,57,57,0,0,0
VC,2020-08-13,409,409,0,0,0
AN,2020-08-14,689,689,0,0,0
AR,2020-08-14,436,355,0,0,81
AS,2020-08-14,22,22,0,0,0
CB,2020-08-14,58,58,0,0,0
CE,2020-08-14,9,9,0,0,0
CL,2020-08-14,347,347,0,0,0
CM,2020-08-14,208,208,0,0,0
CN,2020-08-14,195,194,0,0,1
CT,2020-08-14,1109,1108,0,1,0
EX,2020-08-14,46,46,0,0,0
GA,2020-08-14,159,159,0,0,0
IB,2020-08-14,290,290,0,0,0
MC,2020-08-14,174,174,0,0,0
MD,2020-08-14,2172,2172,0,0,0
ML,2020-08-14,6,6,0,0,0
NC,2020-08-14,87,87,0,0,0
PV,2020-08-14,280,280,0,0,0
RI,2020-08-14,58,58,0,0,0
VC,2020-08-14,478,478,0,0,0
AN,2020-08-15,619,619,0,0,0
AR,2020-08-15,372,253,0,0,119
AS,2020-08-15,29,29,0,0,0
CB,2020-08-15,52,52,0,0,0
CE,2020-08-15,8,8,0,0,0
CL,2020-08-15,304,303,0,1,0
CM,2020-08-15,195,195,0,0,0
CN,2020-08-15,209,208,0,0,1
CT,2020-08-15,755,755,0,0,0
EX,2020-08-15,29,29,0,0,0
GA,2020-08-15,174,174,0,0,0
IB,2020-08-15,222,222,0,0,0
MC,2020-08-15,175,175,0,0,0
MD,2020-08-15,1099,1099,0,0,0
ML,2020-08-15,12,12,0,0,0
NC,2020-08-15,122,122,0,0,0
PV,2020-08-15,493,493,0,0,0
RI,2020-08-15,48,48,0,0,0
VC,2020-08-15,390,390,0,0,0
AN,2020-08-16,540,540,0,0,0
AR,2020-08-16,335,223,0,0,112
AS,2020-08-16,24,24,0,0,0
CB,2020-08-16,54,54,0,0,0
CE,2020-08-16,1,1,0,0,0
CL,2020-08-16,291,291,0,0,0
CM,2020-08-16,166,166,0,0,0
CN,2020-08-16,148,146,0,0,2
CT,2020-08-16,689,689,0,0,0
EX,2020-08-16,40,40,0,0,0
GA,2020-08-16,117,117,0,0,0
IB,2020-08-16,218,218,0,0,0
MC,2020-08-16,128,128,0,0,0
MD,2020-08-16,830,830,0,0,0
ML,2020-08-16,4,4,0,0,0
NC,2020-08-16,78,78,0,0,0
PV,2020-08-16,534,534,0,0,0
RI,2020-08-16,53,52,0,0,1
VC,2020-08-16,339,339,0,0,0
AN,2020-08-17,688,688,0,0,0
AR,2020-08-17,400,220,0,0,180
AS,2020-08-17,22,22,0,0,0
CB,2020-08-17,54,54,0,0,0
CE,2020-08-17,14,14,0,0,0
CL,2020-08-17,332,332,0,0,0
CM,2020-08-17,241,241,0,0,0
CN,2020-08-17,239,239,0,0,0
CT,2020-08-17,1089,1088,0,1,0
EX,2020-08-17,53,53,0,0,0
GA,2020-08-17,204,204,0,0,0
IB,2020-08-17,360,360,0,0,0
MC,2020-08-17,218,218,0,0,0
MD,2020-08-17,1363,1363,0,0,0
ML,2020-08-17,10,10,0,0,0
NC,2020-08-17,91,91,0,0,0
PV,2020-08-17,682,682,0,0,0
RI,2020-08-17,75,75,0,0,0
VC,2020-08-17,506,506,0,0,0
AN,2020-08-18,714,714,0,0,0
AR,2020-08-18,410,8,0,0,402
AS,2020-08-18,30,30,0,0,0
CB,2020-08-18,64,64,0,0,0
CE,2020-08-18,7,7,0,0,0
CL,2020-08-18,397,396,0,1,0
CM,2020-08-18,270,270,0,0,0
CN,2020-08-18,229,229,0,0,0
CT,2020-08-18,1159,1154,0,5,0
EX,2020-08-18,79,79,0,0,0
GA,2020-08-18,226,226,0,0,0
IB,2020-08-18,306,306,0,0,0
MC,2020-08-18,184,184,0,0,0
MD,2020-08-18,2663,2663,0,0,0
ML,2020-08-18,8,8,0,0,0
NC,2020-08-18,103,103,0,0,0
PV,2020-08-18,564,564,0,0,0
RI,2020-08-18,83,83,0,0,0
VC,2020-08-18,501,501,0,0,0
AN,2020-08-19,662,662,0,0,0
AR,2020-08-19,332,9,0,0,323
AS,2020-08-19,29,29,0,0,0
CB,2020-08-19,38,38,0,0,0
CE,2020-08-19,0,0,0,0,0
CL,2020-08-19,420,420,0,0,0
CM,2020-08-19,292,292,0,0,0
CN,2020-08-19,194,193,0,0,1
CT,2020-08-19,1080,1076,0,4,0
EX,2020-08-19,96,96,0,0,0
GA,2020-08-19,249,249,0,0,0
IB,2020-08-19,331,331,0,0,0
MC,2020-08-19,206,206,0,0,0
MD,2020-08-19,2923,2923,0,0,0
ML,2020-08-19,7,7,0,0,0
NC,2020-08-19,114,114,0,0,0
PV,2020-08-19,658,658,0,0,0
RI,2020-08-19,87,86,0,0,1
VC,2020-08-19,524,524,0,0,0
AN,2020-08-20,736,736,0,0,0
AR,2020-08-20,353,14,0,0,339
AS,2020-08-20,30,30,0,0,0
CB,2020-08-20,48,48,0,0,0
CE,2020-08-20,4,4,0,0,0
CL,2020-08-20,529,527,0,2,0
CM,2020-08-20,321,321,0,0,0
CN,2020-08-20,229,227,0,0,2
CT,2020-08-20,1223,1220,0,3,0
EX,2020-08-20,80,80,0,0,0
GA,2020-08-20,209,209,0,0,0
IB,2020-08-20,327,327,0,0,0
MC,2020-08-20,221,221,0,0,0
MD,2020-08-20,2703,2703,0,0,0
ML,2020-08-20,9,8,0,0,1
NC,2020-08-20,101,101,0,0,0
PV,2020-08-20,433,433,0,0,0
RI,2020-08-20,78,78,0,0,0
VC,2020-08-20,547,547,0,0,0
AN,2020-08-21,794,794,0,0,0
AR,2020-08-21,274,20,0,0,254
AS,2020-08-21,33,33,0,0,0
CB,2020-08-21,98,98,0,0,0
CE,2020-08-21,7,7,0,0,0
CL,2020-08-21,386,384,0,1,1
CM,2020-08-21,373,373,0,0,0
CN,2020-08-21,242,242,0,0,0
CT,2020-08-21,1245,1241,0,4,0
EX,2020-08-21,92,92,0,0,0
GA,2020-08-21,250,250,0,0,0
IB,2020-08-21,293,293,0,0,0
MC,2020-08-21,271,271,0,0,0
MD,2020-08-21,3981,3981,0,0,0
ML,2020-08-21,15,13,0,0,2
NC,2020-08-21,148,148,0,0,0
PV,2020-08-21,374,374,0,0,0
RI,2020-08-21,69,69,0,0,0
VC,2020-08-21,589,589,0,0,0
AN,2020-08-22,758,758,0,0,0
AR,2020-08-22,308,20,0,0,288
AS,2020-08-22,37,37,0,0,0
CB,2020-08-22,82,82,0,0,0
CE,2020-08-22,12,12,0,0,0
CL,2020-08-22,277,277,0,0,0
CM,2020-08-22,299,299,0,0,0
CN,2020-08-22,268,268,0,0,0
CT,2020-08-22,739,738,0,1,0
EX,2020-08-22,86,86,0,0,0
GA,2020-08-22,229,229,0,0,0
IB,2020-08-22,224,224,0,0,0
MC,2020-08-22,272,272,0,0,0
MD,2020-08-22,1372,1372,0,0,0
ML,2020-08-22,7,6,0,0,1
NC,2020-08-22,109,109,0,0,0
PV,2020-08-22,524,524,0,0,0
RI,2020-08-22,86,86,0,0,0
VC,2020-08-22,549,549,0,0,0
AN,2020-08-23,652,652,0,0,0
AR,2020-08-23,217,37,0,0,180
AS,2020-08-23,44,44,0,0,0
CB,2020-08-23,31,31,0,0,0
CE,2020-08-23,6,6,0,0,0
CL,2020-08-23,291,289,0,1,1
CM,2020-08-23,272,272,0,0,0
CN,2020-08-23,212,211,0,0,1
CT,2020-08-23,650,650,0,0,0
EX,2020-08-23,64,64,0,0,0
GA,2020-08-23,211,211,0,0,0
IB,2020-08-23,180,180,0,0,0
MC,2020-08-23,235,235,0,0,0
MD,2020-08-23,894,894,0,0,0
ML,2020-08-23,16,15,0,0,1
NC,2020-08-23,122,122,0,0,0
PV,2020-08-23,685,685,0,0,0
RI,2020-08-23,95,95,0,0,0
VC,2020-08-23,418,418,0,0,0
AN,2020-08-24,749,749,0,0,0
AR,2020-08-24,257,35,0,0,222
AS,2020-08-24,49,49,0,0,0
CB,2020-08-24,35,35,0,0,0
CE,2020-08-24,10,9,0,1,0
CL,2020-08-24,443,439,0,4,0
CM,2020-08-24,354,354,0,0,0
CN,2020-08-24,295,295,0,0,0
CT,2020-08-24,1238,1236,0,2,0
EX,2020-08-24,72,72,0,0,0
GA,2020-08-24,273,273,0,0,0
IB,2020-08-24,240,240,0,0,0
MC,2020-08-24,257,257,0,0,0
MD,2020-08-24,1542,1542,0,0,0
ML,2020-08-24,17,14,0,0,3
NC,2020-08-24,131,131,0,0,0
PV,2020-08-24,754,754,0,0,0
RI,2020-08-24,68,68,0,0,0
VC,2020-08-24,600,600,0,0,0
AN,2020-08-25,761,761,0,0,0
AR,2020-08-25,312,21,0,0,291
AS,2020-08-25,38,38,0,0,0
CB,2020-08-25,184,184,0,0,0
CE,2020-08-25,12,12,0,0,0
CL,2020-08-25,508,507,0,0,1
CM,2020-08-25,332,331,0,1,0
CN,2020-08-25,293,293,0,0,0
CT,2020-08-25,1124,1123,0,1,0
EX,2020-08-25,105,105,0,0,0
GA,2020-08-25,260,260,0,0,0
IB,2020-08-25,256,256,0,0,0
MC,2020-08-25,282,282,0,0,0
MD,2020-08-25,3659,3659,0,0,0
ML,2020-08-25,14,14,0,0,0
NC,2020-08-25,149,149,0,0,0
PV,2020-08-25,820,820,0,0,0
RI,2020-08-25,88,88,0,0,0
VC,2020-08-25,502,502,0,0,0
AN,2020-08-26,876,876,0,0,0
AR,2020-08-26,267,141,0,1,125
AS,2020-08-26,34,34,0,0,0
CB,2020-08-26,170,170,0,0,0
CE,2020-08-26,7,7,0,0,0
CL,2020-08-26,432,431,0,1,0
CM,2020-08-26,385,384,0,1,0
CN,2020-08-26,287,287,0,0,0
CT,2020-08-26,1248,1243,0,5,0
EX,2020-08-26,88,88,0,0,0
GA,2020-08-26,289,289,0,0,0
IB,2020-08-26,266,266,0,0,0
MC,2020-08-26,281,281,0,0,0
MD,2020-08-26,2978,2978,0,0,0
ML,2020-08-26,9,9,0,0,0
NC,2020-08-26,276,276,0,0,0
PV,2020-08-26,659,659,0,0,0
RI,2020-08-26,128,128,0,0,0
VC,2020-08-26,601,601,0,0,0
AN,2020-08-27,894,894,0,0,0
AR,2020-08-27,208,19,0,0,189
AS,2020-08-27,34,34,0,0,0
CB,2020-08-27,137,137,0,0,0
CE,2020-08-27,6,6,0,0,0
CL,2020-08-27,547,547,0,0,0
CM,2020-08-27,416,415,0,1,0
CN,2020-08-27,281,280,0,0,1
CT,2020-08-27,1189,1184,0,5,0
EX,2020-08-27,83,83,0,0,0
GA,2020-08-27,277,277,0,0,0
IB,2020-08-27,196,196,0,0,0
MC,2020-08-27,295,295,0,0,0
MD,2020-08-27,3017,3017,0,0,0
ML,2020-08-27,6,6,0,0,0
NC,2020-08-27,145,145,0,0,0
PV,2020-08-27,414,414,0,0,0
RI,2020-08-27,77,77,0,0,0
VC,2020-08-27,479,479,0,0,0
AN,2020-08-28,799,799,0,0,0
AR,2020-08-28,260,14,0,0,246
AS,2020-08-28,41,41,0,0,0
CB,2020-08-28,82,82,0,0,0
CE,2020-08-28,4,4,0,0,0
CL,2020-08-28,476,475,0,1,0
CM,2020-08-28,374,374,0,0,0
CN,2020-08-28,267,267,0,0,0
CT,2020-08-28,1160,1159,0,1,0
EX,2020-08-28,130,129,0,0,1
GA,2020-08-28,319,319,0,0,0
IB,2020-08-28,219,219,0,0,0
MC,2020-08-28,289,289,0,0,0
MD,2020-08-28,4139,4139,0,0,0
ML,2020-08-28,16,14,0,0,2
NC,2020-08-28,152,152,0,0,0
PV,2020-08-28,443,443,0,0,0
RI,2020-08-28,76,75,0,0,1
VC,2020-08-28,539,539,0,0,0
AN,2020-08-29,754,754,0,0,0
AR,2020-08-29,244,11,0,0,233
AS,2020-08-29,34,34,0,0,0
CB,2020-08-29,103,103,0,0,0
CE,2020-08-29,7,7,0,0,0
CL,2020-08-29,478,478,0,0,0
CM,2020-08-29,314,314,0,0,0
CN,2020-08-29,272,272,0,0,0
CT,2020-08-29,628,628,0,0,0
EX,2020-08-29,84,84,0,0,0
GA,2020-08-29,274,274,0,0,0
IB,2020-08-29,170,170,0,0,0
MC,2020-08-29,275,275,0,0,0
MD,2020-08-29,1168,1168,0,0,0
ML,2020-08-29,17,17,0,0,0
NC,2020-08-29,155,155,0,0,0
PV,2020-08-29,521,521,0,0,0
RI,2020-08-29,83,82,0,0,1
VC,2020-08-29,531,531,0,0,0
AN,2020-08-30,681,681,0,0,0
AR,2020-08-30,167,5,0,0,162
AS,2020-08-30,46,46,0,0,0
CB,2020-08-30,94,94,0,0,0
CE,2020-08-30,10,10,0,0,0
CL,2020-08-30,305,304,0,1,0
CM,2020-08-30,256,256,0,0,0
CN,2020-08-30,272,272,0,0,0
CT,2020-08-30,552,551,0,1,0
EX,2020-08-30,118,113,0,0,5
GA,2020-08-30,203,203,0,0,0
IB,2020-08-30,120,120,0,0,0
MC,2020-08-30,229,229,0,0,0
MD,2020-08-30,932,932,0,0,0
ML,2020-08-30,8,8,0,0,0
NC,2020-08-30,101,101,0,0,0
PV,2020-08-30,564,564,0,0,0
RI,2020-08-30,85,85,0,0,0
VC,2020-08-30,306,306,0,0,0
AN,2020-08-31,776,776,0,0,0
AR,2020-08-31,255,11,0,0,244
AS,2020-08-31,26,26,0,0,0
CB,2020-08-31,126,126,0,0,0
CE,2020-08-31,13,13,0,0,0
CL,2020-08-31,260,258,0,0,2
CM,2020-08-31,288,288,0,0,0
CN,2020-08-31,261,261,0,0,0
CT,2020-08-31,1082,1079,0,3,0
EX,2020-08-31,108,107,1,0,0
GA,2020-08-31,190,190,0,0,0
IB,2020-08-31,182,182,0,0,0
MC,2020-08-31,255,255,0,0,0
MD,2020-08-31,1360,1360,0,0,0
ML,2020-08-31,13,13,0,0,0
NC,2020-08-31,190,190,0,0,0
PV,2020-08-31,686,686,0,0,0
RI,2020-08-31,53,53,0,0,0
VC,2020-08-31,320,320,0,0,0
AN,2020-09-01,762,762,0,0,0
AR,2020-09-01,199,0,0,0,199
AS,2020-09-01,69,69,0,0,0
CB,2020-09-01,116,116,0,0,0
CE,2020-09-01,7,7,0,0,0
CL,2020-09-01,365,365,0,0,0
CM,2020-09-01,357,357,0,0,0
CN,2020-09-01,247,246,0,0,1
CT,2020-09-01,1115,1110,0,5,0
EX,2020-09-01,121,121,0,0,0
GA,2020-09-01,241,241,0,0,0
IB,2020-09-01,147,147,0,0,0
MC,2020-09-01,267,267,0,0,0
MD,2020-09-01,3726,3726,0,0,0
ML,2020-09-01,24,22,0,0,2
NC,2020-09-01,186,186,0,0,0
PV,2020-09-01,706,706,0,0,0
RI,2020-09-01,83,83,0,0,0
VC,2020-09-01,360,360,0,0,0
AN,2020-09-02,670,670,0,0,0
AR,2020-09-02,229,1,0,0,228
AS,2020-09-02,69,69,0,0,0
CB,2020-09-02,103,103,0,0,0
CE,2020-09-02,7,7,0,0,0
CL,2020-09-02,374,373,0,1,0
CM,2020-09-02,411,411,0,0,0
CN,2020-09-02,214,214,0,0,0
CT,2020-09-02,962,957,0,5,0
EX,2020-09-02,135,134,0,0,1
GA,2020-09-02,256,256,0,0,0
IB,2020-09-02,136,136,0,0,0
MC,2020-09-02,251,251,0,0,0
MD,2020-09-02,3300,3300,0,0,0
ML,2020-09-02,21,20,0,0,1
NC,2020-09-02,150,150,0,0,0
PV,2020-09-02,601,601,0,0,0
RI,2020-09-02,76,74,0,0,2
VC,2020-09-02,421,421,0,0,0
AN,2020-09-03,522,522,0,0,0
AR,2020-09-03,309,0,0,0,309
AS,2020-09-03,71,71,0,0,0
CB,2020-09-03,60,60,0,0,0
CE,2020-09-03,2,2,0,0,0
CL,2020-09-03,485,485,0,0,0
CM,2020-09-03,328,328,0,0,0
CN,2020-09-03,225,225,0,0,0
CT,2020-09-03,1020,1019,0,1,0
EX,2020-09-03,154,153,0,0,1
GA,2020-09-03,249,249,0,0,0
IB,2020-09-03,92,92,0,0,0
MC,2020-09-03,206,206,0,0,0
MD,2020-09-03,3320,3320,0,0,0
ML,2020-09-03,8,6,0,0,2
NC,2020-09-03,168,168,0,0,0
PV,2020-09-03,486,486,0,0,0
RI,2020-09-03,81,81,0,0,0
VC,2020-09-03,262,262,0,0,0
AN,2020-09-04,686,686,0,0,0
AR,2020-09-04,183,0,0,0,183
AS,2020-09-04,23,23,0,0,0
CB,2020-09-04,69,69,0,0,0
CE,2020-09-04,6,6,0,0,0
CL,2020-09-04,388,385,0,3,0
CM,2020-09-04,309,309,0,0,0
CN,2020-09-04,199,199,0,0,0
CT,2020-09-04,1084,1081,0,3,0
EX,2020-09-04,139,139,0,0,0
GA,2020-09-04,202,202,0,0,0
IB,2020-09-04,35,35,0,0,0
MC,2020-09-04,170,170,0,0,0
MD,2020-09-04,3900,3900,0,0,0
ML,2020-09-04,10,10,0,0,0
NC,2020-09-04,160,160,0,0,0
PV,2020-09-04,397,397,0,0,0
RI,2020-09-04,51,51,0,0,0
VC,2020-09-04,277,277,0,0,0
AN,2020-09-05,519,519,0,0,0
AR,2020-09-05,282,0,0,0,282
AS,2020-09-05,67,67,0,0,0
CB,2020-09-05,90,90,0,0,0
CE,2020-09-05,4,4,0,0,0
CL,2020-09-05,323,323,0,0,0
CM,2020-09-05,175,175,0,0,0
CN,2020-09-05,204,204,0,0,0
CT,2020-09-05,457,457,0,0,0
EX,2020-09-05,119,118,0,0,1
GA,2020-09-05,180,180,0,0,0
IB,2020-09-05,19,19,0,0,0
MC,2020-09-05,110,110,0,0,0
MD,2020-09-05,1418,1418,0,0,0
ML,2020-09-05,2,2,0,0,0
NC,2020-09-05,162,162,0,0,0
PV,2020-09-05,636,636,0,0,0
RI,2020-09-05,39,39,0,0,0
VC,2020-09-05,236,236,0,0,0
AN,2020-09-06,363,363,0,0,0
AR,2020-09-06,171,0,0,0,171
AS,2020-09-06,0,0,0,0,0
CB,2020-09-06,8,8,0,0,0
CE,2020-09-06,7,7,0,0,0
CL,2020-09-06,309,309,0,0,0
CM,2020-09-06,81,81,0,0,0
CN,2020-09-06,111,111,0,0,0
CT,2020-09-06,290,290,0,0,0
EX,2020-09-06,96,96,0,0,0
GA,2020-09-06,124,124,0,0,0
IB,2020-09-06,0,0,0,0,0
MC,2020-09-06,89,89,0,0,0
MD,2020-09-06,788,788,0,0,0
ML,2020-09-06,11,10,0,0,1
NC,2020-09-06,75,75,0,0,0
PV,2020-09-06,74,74,0,0,0
RI,2020-09-06,13,13,0,0,0
VC,2020-09-06,126,126,0,0,0
